episode,score,mean_score_100,epsilon,loss
0,3,3.0,0.9764251881590177,1.273108959197998
1,5,4.0,0.9298252714367987,0.9961660802364349
2,3,3.6666666666666665,0.9241113898523886,0.8535816073417664
3,5,4.0,0.8831621561740878,0.7844300717115402
4,6,4.4,0.8612194553606838,0.7204400062561035
5,7,4.833333333333333,0.8405727496858215,0.6819803367058436
6,4,4.714285714285714,0.8252900891236566,0.6356735953262874
7,2,4.375,0.8209932913296969,0.600472915917635
8,5,4.444444444444445,0.8034855131159353,0.568867587380939
9,4,4.4,0.8000847531493799,0.5423739224672317
10,7,4.636363636363637,0.7834919428315417,0.5397226458246057
11,11,5.166666666666667,0.7566055743547729,0.5436762049794197
12,5,5.153846153846154,0.7461470711603423,0.5418391571595118
13,5,5.142857142857143,0.7388858418890255,0.52886806002685
14,9,5.4,0.7241578654139045,0.5202522297700246
15,5,5.375,0.7116309967234496,0.5113671850413084
16,9,5.588235294117647,0.6939477405731619,0.5012796293286716
17,8,5.722222222222222,0.6842792190237778,0.4904828386174308
18,11,6.0,0.6719726229239422,0.47229859781892675
19,4,5.9,0.6585197275233582,0.4591181665658951
20,7,5.9523809523809526,0.6509348268228234,0.4560193646521795
21,6,5.954545454545454,0.6420388631056724,0.4490965550596064
22,5,5.913043478260869,0.6334830108948616,0.4440577302290046
23,10,6.083333333333333,0.6259833870984711,0.4380893347163995
24,11,6.28,0.6152327893674863,0.43118749022483827
25,6,6.269230769230769,0.6086622394206948,0.42164209141181064
26,5,6.222222222222222,0.6030964276117706,0.4160718090004391
27,9,6.321428571428571,0.5906651279408547,0.4115257252539907
28,8,6.379310344827586,0.5825626871349354,0.4069742837856556
29,8,6.433333333333334,0.5764084081662998,0.39851003090540565
30,7,6.451612903225806,0.5722233431848609,0.3925114533593578
31,1,6.28125,0.5716713958613333,0.39100699312984943
32,10,6.393939393939394,0.5635939603046675,0.3880727029207981
33,6,6.382352941176471,0.5592625573349005,0.3824123345753726
34,8,6.428571428571429,0.5540837018233971,0.37606199894632614
35,11,6.555555555555555,0.5459744154177892,0.3710561758942074
36,11,6.675675675675675,0.5405846837069325,0.36746680575448115
37,8,6.7105263157894735,0.5361526585680173,0.36581309845573023
38,7,6.717948717948718,0.5312213014327781,0.3635921447705
39,5,6.675,0.5261345644925552,0.3609122335910797
40,8,6.7073170731707314,0.519747300499774,0.35575926958060844
41,12,6.833333333333333,0.5133913002354221,0.35270903578826357
42,7,6.837209302325581,0.5089951502148352,0.3501998567303946
43,11,6.931818181818182,0.5037182318845129,0.35120729492469266
44,5,6.888888888888889,0.500920786573153,0.34901394115553963
45,13,7.021739130434782,0.4926251462554929,0.34747668906398443
46,12,7.127659574468085,0.4811865254408342,0.34226759190255024
47,11,7.208333333333333,0.47534372425053467,0.3409339462717374
48,10,7.26530612244898,0.469844771784382,0.3395928430313967
49,8,7.28,0.4658143330181953,0.3358076375722885
50,5,7.235294117647059,0.46308098851962126,0.33549578633962895
51,10,7.288461538461538,0.4565935067360803,0.3345694914460182
52,15,7.433962264150943,0.44949176666712787,0.33336434274349575
53,13,7.537037037037037,0.44290711627690654,0.3305037231357009
54,5,7.490909090909091,0.4403142188438936,0.329269310019233
55,19,7.696428571428571,0.43155907570189617,0.3306122438183853
56,13,7.7894736842105265,0.4259997612976015,0.3313146280614953
57,9,7.810344827586207,0.4222816928333384,0.3307980751169139
58,9,7.830508474576271,0.4192159791889408,0.32806362742084566
59,10,7.866666666666666,0.41550070575333725,0.3282273918390274
60,9,7.885245901639344,0.4119963669115048,0.32850916512676925
61,22,8.112903225806452,0.40390785838208354,0.32614697035281887
62,7,8.095238095238095,0.400791724828928,0.32548408896204023
63,20,8.28125,0.3945976706150667,0.32464721938595176
64,11,8.323076923076924,0.3916500076163406,0.32225006543673
65,16,8.43939393939394,0.3869598977560415,0.3200090220480254
66,5,8.388059701492537,0.38554981829438595,0.3185291824056141
67,7,8.367647058823529,0.38316329139248617,0.3181837683214861
68,10,8.391304347826088,0.3797475630247504,0.31803981592689734
69,9,8.4,0.37725598572196517,0.3157862003360476
70,7,8.380281690140846,0.3737896656313289,0.31380739682157277
71,16,8.48611111111111,0.370076804439204,0.3123392661412557
72,9,8.493150684931507,0.36794783588777924,0.31091396490188494
73,16,8.594594594594595,0.3630933514040724,0.3079454820301082
74,8,8.586666666666666,0.3613650974935041,0.30760052144527433
75,15,8.671052631578947,0.35672028527008015,0.3065094530190292
76,8,8.662337662337663,0.3554431762300174,0.30413551444744136
77,6,8.628205128205128,0.3537868353334376,0.30279136076569557
78,11,8.658227848101266,0.3511768662076104,0.30122068722414064
79,5,8.6125,0.3496239870610198,0.3002207157202065
80,8,8.604938271604938,0.3478652076601938,0.30036743932668075
81,13,8.658536585365853,0.34293548669028495,0.29905659605453655
82,16,8.74698795180723,0.3388920268498145,0.2968381207032376
83,8,8.738095238095237,0.33614550664256426,0.29661289549299646
84,15,8.811764705882354,0.3327807830946754,0.2959843865212272
85,10,8.825581395348838,0.32994738946229146,0.2953630663281263
86,10,8.839080459770114,0.32692474021808837,0.2946312151763631
87,11,8.863636363636363,0.3240531652069236,0.29402156495912507
88,12,8.898876404494382,0.32163044369249355,0.29245400479000605
89,10,8.911111111111111,0.31913727198529757,0.2919953864481714
90,7,8.89010989010989,0.31786863633966733,0.2921405999542593
91,5,8.847826086956522,0.31633855620067036,0.2901238217625929
92,14,8.903225806451612,0.31368347498212185,0.2900982545588606
93,5,8.861702127659575,0.3122917863531143,0.29122498076646886
94,19,8.968421052631578,0.3076379501208028,0.291328113800601
95,9,8.96875,0.3050465703523444,0.2904091246115665
96,13,9.010309278350515,0.3016323710428613,0.29008332125304903
97,13,9.051020408163266,0.29873250867697376,0.28896556657796
98,7,9.030303030303031,0.2971066836759884,0.2871118722238926
99,9,9.03,0.2943494261041956,0.2857385478913784
100,8,9.08,0.29259919648601995,0.2850023391518262
101,11,9.14,0.2903459869102114,0.2761937207219624
102,14,9.25,0.288366228431448,0.27076090105099254
103,11,9.31,0.2856560884403998,0.26642453537719085
104,4,9.29,0.2850060276733263,0.2628768155775448
105,10,9.32,0.28294702122178744,0.26067290772305857
106,14,9.42,0.2798884684972915,0.2571083982982258
107,11,9.51,0.2775599662582604,0.25598229969492053
108,7,9.53,0.2762753805674153,0.2564169293878102
109,11,9.6,0.27344645343465346,0.2559323017254914
110,6,9.59,0.2722202141693971,0.2540304308923164
111,4,9.52,0.271175669210523,0.2520848087007456
112,12,9.59,0.26927396973603074,0.24882359337983745
113,11,9.65,0.26738666839533326,0.24553514847365937
114,9,9.65,0.26623899080566177,0.24319511615108735
115,1,9.61,0.2658576160117327,0.24180845599068274
116,12,9.64,0.26375230632140956,0.24048821783006782
117,21,9.77,0.2605318640602343,0.23956252523873112
118,12,9.78,0.25871075088904333,0.2396774046344332
119,11,9.85,0.25710487923466513,0.23966785003938298
120,14,9.92,0.2543469176840652,0.24097454570012516
121,7,9.93,0.2529566935421157,0.2392163535598481
122,16,10.04,0.2504082122573531,0.2386691222834115
123,19,10.13,0.24664900144525378,0.23756882791767026
124,14,10.16,0.2445060311572899,0.23734181153007072
125,14,10.24,0.24125205493011084,0.23658663646714523
126,5,10.24,0.240567235578249,0.23729875056755426
127,12,10.27,0.23895200962367075,0.23560369619638613
128,17,10.36,0.23712051578612067,0.23450452133570568
129,20,10.48,0.23339663530539823,0.23342101128384618
130,12,10.53,0.23138953558450642,0.23499668219892106
131,11,10.63,0.2298100445628112,0.23530413623493496
132,17,10.7,0.22712087740802142,0.23371396221146726
133,9,10.73,0.226242481592314,0.23222380906048387
134,9,10.74,0.22477310712249463,0.23115964750252146
135,21,10.84,0.22231028266273142,0.23211082550558712
136,11,10.84,0.22122075151800283,0.23258110998880746
137,16,10.92,0.2193780102114975,0.23245453554214818
138,18,11.03,0.21700962229153442,0.2318977543918213
139,14,11.12,0.215000587555555,0.23248626114708362
140,12,11.16,0.21334043977710826,0.23215990447171844
141,5,11.09,0.21266493106771148,0.231782628241742
142,5,11.07,0.21235691365764156,0.23096755095342597
143,11,11.07,0.21128272547527974,0.23051409076641102
144,19,11.21,0.20838779386943646,0.2287161737532899
145,15,11.23,0.20689604845303297,0.22822549666213518
146,9,11.2,0.20582447988645,0.2283523875740495
147,11,11.2,0.20434381460535586,0.22902073180026347
148,12,11.22,0.20334187358504854,0.2290750732368762
149,9,11.23,0.20225422839044943,0.22881805904135846
150,10,11.28,0.20088339039130823,0.23080943015837432
151,12,11.3,0.1993523975105671,0.2295176738707146
152,12,11.27,0.1982705912692406,0.22907136432310143
153,3,11.17,0.1978076897646643,0.22981556637747452
154,6,11.18,0.1972750660304394,0.22920020935263966
155,18,11.17,0.19515172033544806,0.22903990443095124
156,17,11.21,0.19314035595490792,0.22631981459879638
157,21,11.33,0.19091264391341342,0.2254766809320686
158,3,11.27,0.19032401126707696,0.22499070803422738
159,13,11.3,0.18873890368748647,0.22380048409104347
160,17,11.38,0.1866427953614368,0.2225510180365331
161,7,11.23,0.1859443633548274,0.22210486281183686
162,11,11.27,0.18459741307153218,0.2216349070393803
163,10,11.17,0.18368642775163213,0.22049149992589903
164,15,11.21,0.1819929104571548,0.2199365075050604
165,12,11.17,0.18075839274299693,0.21966581271574048
166,13,11.25,0.179573171364355,0.21999571026109233
167,16,11.34,0.17816717948855212,0.22063005387340442
168,6,11.3,0.17752789783079834,0.21954704810044554
169,19,11.4,0.17525246086412566,0.21870268811241234
170,5,11.38,0.1747177627587298,0.21850481160944052
171,11,11.33,0.17356939839485222,0.21927684696741623
172,15,11.39,0.1720565622457503,0.22001751670890515
173,11,11.34,0.17120742529969976,0.21888557176041132
174,12,11.38,0.17016768529331908,0.2207945552424039
175,10,11.33,0.1691127262122669,0.22042706044446123
176,8,11.33,0.1679467736626609,0.2197759561240673
177,7,11.34,0.16733406679806664,0.22012893298622405
178,6,11.29,0.1666138957308126,0.21979516482736805
179,11,11.35,0.16588995019036334,0.2201673300328231
180,17,11.44,0.16455391782097956,0.22089201894284474
181,7,11.38,0.16379699840443632,0.21986712164955563
182,13,11.35,0.16236619436394156,0.21947250541041394
183,10,11.37,0.1616915584694179,0.22028060755369686
184,18,11.4,0.16000842112100253,0.21917670002520676
185,6,11.36,0.15960996519021386,0.21878676496372365
186,13,11.39,0.1583176112742814,0.2183998201669443
187,6,11.34,0.15788949060921523,0.21939161106353938
188,9,11.31,0.1569824166080744,0.21799493319179752
189,14,11.35,0.15568724545403112,0.21850752221918343
190,17,11.45,0.1543774419898628,0.21799556597477138
191,11,11.51,0.1534067286233131,0.21626254499401196
192,25,11.62,0.1516375841108477,0.2175912965863648
193,20,11.77,0.14984644651585177,0.21717474170693077
194,15,11.73,0.1483681839069728,0.21475042000708014
195,14,11.78,0.14731986876507,0.21407931139416034
196,23,11.88,0.14559376004940225,0.21399760936008821
197,19,11.94,0.14401500565925757,0.21349384506592656
198,7,11.94,0.1434643649682828,0.2135488489402993
199,16,12.01,0.14206486352245343,0.21623206415241308
200,18,12.11,0.14058471942514814,0.21635144650198446
201,26,12.26,0.1386766504516688,0.21618477376823378
202,11,12.23,0.1377251383899391,0.21457003377894363
203,9,12.21,0.1370501612631381,0.21606769077111
204,19,12.36,0.13577545375759223,0.21946318591437716
205,9,12.35,0.13531904272047732,0.21996051910342557
206,11,12.32,0.13462346874493866,0.22062812874665355
207,9,12.3,0.13413164600604072,0.22348348954969113
208,7,12.3,0.13368171520265715,0.22378690124000652
209,12,12.31,0.1329621234329657,0.22166214658334704
210,13,12.38,0.1320732383767555,0.2235816303677488
211,20,12.54,0.13081393922327922,0.22481448170129614
212,21,12.63,0.12932800367628472,0.22345159730256195
213,23,12.75,0.12791054228029589,0.2231127850268737
214,13,12.79,0.12713102003138294,0.22326633308341007
215,17,12.95,0.12602263103609349,0.22346201365684518
216,18,13.01,0.12492046339761424,0.22285063597973032
217,14,12.94,0.12415212509386796,0.2233823341972167
218,17,12.99,0.12335840120167589,0.22518405572760222
219,24,13.12,0.12170765510573849,0.2255032813858868
220,18,13.16,0.12073593334399148,0.22724236758186087
221,23,13.32,0.11945473058747061,0.22499232322420223
222,15,13.31,0.1186080174974715,0.2264633384155165
223,15,13.27,0.11787611747986784,0.22672340307052774
224,6,13.19,0.11763661450299026,0.2280369666912178
225,11,13.16,0.11696524076598544,0.22783708221989102
226,15,13.26,0.11604843271211465,0.22830634132617772
227,2,13.16,0.11590926340681208,0.22878761283389412
228,14,13.13,0.11518311586078205,0.22989073805142157
229,18,13.11,0.11414654631760798,0.23185630832420717
230,17,13.16,0.1132051121576899,0.23210231587290764
231,8,13.13,0.11279127088833656,0.23186060753051596
232,15,13.11,0.1120841259441066,0.23243219364840206
233,15,13.17,0.11141893027899091,0.2327793769833475
234,17,13.25,0.11056361859720854,0.23485699115265715
235,14,13.18,0.10977015511335979,0.23783432784499509
236,13,13.2,0.10909494257697593,0.23669160839797246
237,20,13.24,0.10799698668399668,0.23751660159761362
238,8,13.14,0.10762817438789962,0.2386935391269698
239,16,13.16,0.10676059740590449,0.2388107519559931
240,13,13.17,0.10622865712483068,0.2382886872654504
241,8,13.2,0.10588013729251845,0.23785775055242056
242,9,13.24,0.10552447323612339,0.24038917257791698
243,10,13.23,0.10505537982271733,0.24252344671599935
244,12,13.16,0.10457617196371272,0.24413590505719185
245,10,13.11,0.10409545911666296,0.24384725053269085
246,22,13.24,0.10310896446413598,0.24419133531132547
247,13,13.26,0.10262006524470921,0.2442711780935821
248,16,13.3,0.10184298312410597,0.24420755131557437
249,14,13.35,0.10109348067710353,0.24478198045698724
250,13,13.38,0.10044329865142082,0.2484448279558432
251,7,13.33,0.10021035102265087,0.24644953370241834
252,9,13.3,0.0999460931296136,0.2479495539302283
253,16,13.43,0.09909127550525713,0.24851332180718383
254,18,13.55,0.09829647412608145,0.24997909680599034
255,11,13.48,0.09783977689428953,0.2516907310795666
256,12,13.43,0.09746704124640404,0.25245094907903437
257,18,13.4,0.09652768506701112,0.2533406971188465
258,10,13.47,0.09610413285947014,0.25373730081880447
259,27,13.61,0.09499358463401816,0.25349756887201036
260,15,13.59,0.0943662769041231,0.25765112920267746
261,30,13.82,0.09327376056881537,0.2577767538109628
262,18,13.89,0.09248303769537305,0.25645037460150105
263,19,13.98,0.0916721731862326,0.25731539940184883
264,19,14.02,0.09083141179048207,0.25971102810437136
265,2,13.92,0.09069342511822062,0.26127323102537947
266,30,14.09,0.08944968764684562,0.2621053149647052
267,25,14.18,0.08822783174218088,0.2623737944972397
268,11,14.23,0.0878570014895062,0.2628459963615578
269,12,14.16,0.08749831075170184,0.26391146951677774
270,21,14.32,0.08687683015628223,0.26501726432897077
271,24,14.45,0.08593718666536415,0.2659263689771737
272,13,14.43,0.08543469168129102,0.26655240334791713
273,9,14.41,0.0851115902931367,0.26952648568566484
274,13,14.42,0.08455403155560323,0.2742526334996271
275,17,14.49,0.08400444740603609,0.2757842450743855
276,11,14.52,0.08363429608756161,0.27733289325001215
277,20,14.65,0.08289411333604894,0.2792980843546367
278,12,14.71,0.08255540047183951,0.28173070098503983
279,13,14.73,0.08214700156527809,0.2852295153211839
280,22,14.78,0.08127381386537626,0.28844270095376684
281,11,14.82,0.08086465153688563,0.28862443433539703
282,9,14.78,0.0806156173345545,0.29085283202700096
283,4,14.72,0.0805126583250398,0.2909711829506525
284,20,14.74,0.07968630348196831,0.29112561002816306
285,20,14.88,0.07900089254452607,0.2921036658900799
286,13,14.88,0.07860104748914666,0.29186002821615425
287,17,14.99,0.07794548018515057,0.2916457114538344
288,17,15.07,0.07736030833223848,0.29065392586854427
289,21,15.14,0.07663643871785505,0.2957626104649931
290,21,15.18,0.07572074792081743,0.2992253750562668
291,21,15.28,0.07494884006252626,0.3023266919178538
292,15,15.18,0.07446196519291517,0.30416800155498014
293,25,15.23,0.07377467178587117,0.3045200295377486
294,24,15.32,0.07304828686303703,0.30494004620773957
295,14,15.32,0.07257825186830114,0.30770556613950445
296,22,15.31,0.07203167000053627,0.30708839028778645
297,10,15.22,0.07177992737037962,0.30840555320281793
298,22,15.37,0.0712416445555435,0.30773490991922886
299,14,15.35,0.07098862515464457,0.30772505125196853
300,13,15.3,0.07066840656385359,0.30959070643576064
301,10,15.14,0.07037034311692716,0.3119057388884006
302,11,15.14,0.07021945852762376,0.3126477832251256
303,27,15.32,0.06935073067090508,0.3142749785196663
304,13,15.26,0.06896974075107691,0.3155141809199116
305,20,15.37,0.06850673099250887,0.31490209049517565
306,14,15.4,0.06820450935023156,0.31356612246225374
307,17,15.48,0.06781084858849279,0.3126436842255073
308,20,15.61,0.06712494938289705,0.3112226534302872
309,25,15.74,0.06646050382994843,0.31002918874273205
310,23,15.84,0.06589942416966564,0.31248951194309954
311,16,15.8,0.06552458782083523,0.3105401078073105
312,17,15.76,0.06517087730017382,0.3122550226969294
313,12,15.65,0.06492761197027808,0.31337477355310234
314,23,15.75,0.06431630072967073,0.31386250862390686
315,21,15.79,0.06389070522862658,0.31830470529523225
316,9,15.7,0.06365651696783856,0.3217476067861708
317,14,15.7,0.06337366985651624,0.3219956212704725
318,17,15.7,0.06303021621829435,0.3214578981151675
319,18,15.64,0.0626425495988735,0.3210764071433851
320,25,15.71,0.062091784185863766,0.3214437130949285
321,16,15.64,0.06165213266170498,0.32114078458583
322,14,15.63,0.0614029681068924,0.32330478373730537
323,13,15.61,0.06116764250379565,0.32522175822517657
324,22,15.77,0.06050812501576293,0.32690104738910597
325,20,15.86,0.05997693135661475,0.32665499587460317
326,16,15.87,0.05963262218438667,0.3290891291776506
327,19,16.04,0.0591814167410413,0.32917755340585614
328,24,16.14,0.05862510955790948,0.3307176707404675
329,9,16.05,0.05845553241914432,0.3320390368157094
330,26,16.14,0.05787353456260448,0.3310336649122805
331,24,16.3,0.057382495932363886,0.3339697596165213
332,16,16.31,0.05702719237109187,0.3342606665769426
333,18,16.34,0.05672481085221884,0.3349584189086857
334,28,16.45,0.05604984527134049,0.33521230917165773
335,13,16.44,0.05584673796400809,0.33391412871308845
336,13,16.44,0.05561092852059654,0.332921093790838
337,18,16.42,0.05526540911179585,0.33556370717464107
338,7,16.41,0.05514746765351379,0.33549816567118806
339,18,16.43,0.05485520817999534,0.33406377812423327
340,16,16.46,0.054513569711095444,0.33489625495259123
341,25,16.63,0.0539861324284982,0.33400439419368705
342,20,16.74,0.053579057087349724,0.3365233601024835
343,20,16.84,0.05326489283600268,0.3361524985273286
344,8,16.8,0.05306755438770136,0.33415187290399384
345,12,16.82,0.05285988364476958,0.3336009973346597
346,18,16.78,0.052503655881297254,0.3364350370841451
347,16,16.81,0.052167369579953826,0.33605291244417135
348,12,16.77,0.05197014733705348,0.3366908656783623
349,18,16.81,0.051736028195943876,0.33810923226399
350,12,16.8,0.051577744094974995,0.33736652003066375
351,19,16.92,0.05124166347098022,0.3334892203312109
352,18,17.01,0.05097568592262258,0.3353152486062286
353,5,16.9,0.050906068977729334,0.3332656410956147
354,17,16.89,0.050655208161950474,0.3366754448944979
355,15,16.93,0.05048706732820735,0.33560647542523864
356,14,16.95,0.05028500094585226,0.3385322759352108
357,16,16.93,0.050010657592697,0.3368557843536434
358,18,17.01,0.04969867914729424,0.33891029095295633
359,20,16.94,0.04933122275433263,0.33867697653794054
360,15,16.94,0.04910332915729665,0.3392219468213544
361,16,16.8,0.04885411368905346,0.33805781706134874
362,9,16.71,0.048703026542972525,0.3396921643231175
363,12,16.64,0.04850850807481596,0.3407734052674605
364,20,16.65,0.048179720038559956,0.340314775410265
365,20,16.83,0.04791048910237389,0.34064033066872323
366,13,16.66,0.04772550011993216,0.3415367851162901
367,10,16.51,0.047577564774196814,0.34353430569171906
368,20,16.6,0.04721593294016102,0.34400184791867094
369,13,16.61,0.04699367479383672,0.34356329789256107
370,5,16.45,0.046910123972658924,0.3430834188319669
371,7,16.28,0.046853672007625725,0.343336555037168
372,12,16.27,0.04667168648998417,0.34482186044206714
373,9,16.27,0.04654795105564628,0.34575578231032533
374,23,16.37,0.046248335346742886,0.3427273594211824
375,23,16.43,0.04595858988665293,0.34001191639074
376,27,16.59,0.04552102370909047,0.340462129452441
377,18,16.57,0.045308810384750875,0.33958955227148413
378,14,16.59,0.045136037456472294,0.33841539181695124
379,21,16.67,0.0448809530166377,0.3392164735215725
380,15,16.6,0.044676529560470093,0.33608766032917664
381,10,16.59,0.04455713815030342,0.33407408943270694
382,25,16.75,0.04415526990122286,0.33282257395215553
383,20,16.91,0.04385401558878828,0.3311662750669045
384,13,16.84,0.04366394476109873,0.3317411450466307
385,20,16.84,0.043458961412175826,0.33220005359980137
386,10,16.81,0.04332912480619401,0.3320258389605154
387,25,16.89,0.04295194245907656,0.3334650260092008
388,27,16.99,0.0426362492777045,0.3343413432340811
389,30,17.08,0.04224801011690106,0.3370244469087903
390,15,17.02,0.042079566137909016,0.3337311250443506
391,27,17.08,0.04173019073365822,0.3295266920387155
392,14,17.07,0.0415494990785472,0.32610693264125595
393,11,16.93,0.0414227313664662,0.3248620579148283
394,13,16.82,0.041241409857967634,0.32572316680804336
395,18,16.86,0.04105109487131031,0.3262968461702366
396,20,16.84,0.04082392511645493,0.3247156063518902
397,11,16.85,0.04069832070596151,0.3264986509733861
398,9,16.72,0.04060744816106171,0.3253839334638992
399,24,16.82,0.04037181996614361,0.329684783178981
400,13,16.82,0.04027122862627225,0.3302162472564395
401,13,16.85,0.040119763117228036,0.32785759054788266
402,20,16.94,0.039885733630936546,0.3257256623837027
403,9,16.76,0.03977962903887623,0.32686666436124556
404,13,16.76,0.03962006116598294,0.32715888645979435
405,7,16.63,0.03954760107350476,0.32417048100787815
406,6,16.55,0.039470540344399375,0.32328097876345757
407,9,16.47,0.03937149337310396,0.32589099224251095
408,20,16.47,0.03915574310413618,0.32594887277867535
409,18,16.4,0.03895092175299757,0.32702252976965196
410,16,16.33,0.03878488527356805,0.3286042074755867
411,9,16.26,0.038702413349651625,0.32690701095184477
412,18,16.27,0.038558029854902726,0.3262806552471501
413,34,16.49,0.03817600961739448,0.32654914436954086
414,19,16.45,0.03795920095565389,0.3256901090983117
415,19,16.43,0.03778406037683091,0.3263894683948838
416,21,16.55,0.03755963095339433,0.3227138482403047
417,17,16.58,0.03741361848534945,0.323684495716992
418,20,16.61,0.037219674074376326,0.32347202138735515
419,9,16.52,0.03715350578487886,0.32440128214288466
420,14,16.41,0.03703981341751068,0.323674481103916
421,19,16.44,0.03687701389670085,0.32328128313074017
422,9,16.39,0.03681804759927764,0.32342851309493037
423,11,16.37,0.03671744143399613,0.32514785953087383
424,19,16.34,0.036532077287530815,0.3224867635434217
425,15,16.29,0.03642989549921403,0.3220448426090845
426,19,16.32,0.03618690483225776,0.32191354685490675
427,10,16.23,0.036125511315453954,0.3210209920854852
428,24,16.23,0.035902917320372235,0.324022504657802
429,17,16.31,0.0357557057839627,0.32152193194568746
430,35,16.4,0.03539976996029167,0.32400447130203247
431,10,16.26,0.0353030563772085,0.32490889477257684
432,20,16.3,0.035120517126651096,0.3224992037999748
433,22,16.34,0.034936420684715086,0.3225130763384375
434,9,16.15,0.034857467066990236,0.3223120968530674
435,21,16.23,0.03471919716901047,0.32138925082612746
436,20,16.3,0.03453635236520714,0.3228670970933272
437,38,16.5,0.03421862282114985,0.32443261721936784
438,10,16.53,0.03412791421226144,0.3230166625563461
439,17,16.52,0.0339838427193606,0.32395852718612933
440,25,16.61,0.0337901224538049,0.3243053002227651
441,15,16.51,0.033695298129009406,0.3255850314208777
442,15,16.46,0.033580739444803664,0.3290544684865687
443,16,16.42,0.03343082679141765,0.32764042382783226
444,22,16.56,0.033259344798573405,0.32618882883303235
445,28,16.72,0.03303127935508092,0.3297015401986566
446,10,16.64,0.03298445109085275,0.328326023746245
447,18,16.66,0.03286554196151639,0.3254014173946758
448,18,16.72,0.032727978115866405,0.3250865087945863
449,20,16.74,0.032601962699959394,0.3238922778037515
450,27,16.89,0.03243795359369614,0.32362482527104935
451,13,16.83,0.03235613340361208,0.3226486739545765
452,23,16.88,0.03220203293244878,0.3233376270768666
453,20,17.03,0.032059498077653854,0.32393460005226704
454,12,16.98,0.032005352255774694,0.3267298306864087
455,15,16.98,0.03189778884686484,0.3231942976760392
456,18,17.02,0.031777048224619645,0.3237122511214549
457,14,17.0,0.031708353620132065,0.3209072364733951
458,17,16.99,0.03159881075417228,0.32147025693171094
459,16,16.95,0.031520206398740924,0.31953795918143624
460,21,17.01,0.03138563612218599,0.32013556715285424
461,22,17.07,0.03125657690563569,0.3198915404258388
462,21,17.19,0.03112842417454389,0.3202799753387376
463,18,17.25,0.0310127376567449,0.32266189821875924
464,16,17.21,0.03092389478111944,0.3229590613063019
465,14,17.15,0.030844440709420946,0.32379667962541675
466,9,17.11,0.030807632220898242,0.3237470897412536
467,7,17.08,0.030774180438066148,0.3227489845882548
468,15,17.03,0.030717764212938217,0.3203561148135969
469,23,17.13,0.030605286165447616,0.320811198046892
470,24,17.32,0.030447916407250315,0.3228366945934768
471,18,17.43,0.03037555513491027,0.32419412752779403
472,27,17.58,0.030255381289426658,0.3220788554684951
473,11,17.6,0.030199131520994224,0.32041145949670585
474,16,17.53,0.030125455216787046,0.32067202297177644
475,12,17.42,0.030057841425965556,0.31858067612836855
476,25,17.4,0.02992545403041653,0.3182782740286081
477,24,17.46,0.029800197824679932,0.3154406304111575
478,29,17.61,0.029642713685609647,0.31473116620932473
479,18,17.58,0.029566358027704506,0.315500017439965
480,24,17.67,0.029429118100671996,0.3151125615776175
481,21,17.78,0.029335763584481294,0.3171167307265914
482,22,17.75,0.029224403915792466,0.3179715430677527
483,18,17.73,0.029133989558947103,0.3209794740570654
484,17,17.77,0.029050794751167293,0.32114531247332545
485,7,17.64,0.029025487971888777,0.32157895455856134
486,17,17.71,0.02895625858967725,0.3230589936570366
487,5,17.51,0.028927197998301152,0.32463915675583455
488,18,17.42,0.028842349055985594,0.3244178889706583
489,21,17.33,0.02874999012383765,0.3252026829684135
490,17,17.35,0.028674195394905767,0.323913115233478
491,20,17.28,0.02858273452271938,0.32438020496675285
492,8,17.22,0.02854505344997157,0.3263983012426018
493,20,17.31,0.028458336910961904,0.3287692313442136
494,14,17.32,0.028392618517980937,0.3287779855551106
495,12,17.26,0.02833074236507489,0.32849017420027515
496,24,17.3,0.028213692441812002,0.32669653116476416
497,26,17.45,0.028090597392462856,0.3285563489293108
498,24,17.6,0.027987697708735028,0.32811567792207885
499,19,17.55,0.02789439150809099,0.3275350773393518
500,21,17.63,0.027806077302468514,0.32488142721133656
501,17,17.67,0.027728405535542105,0.32827515236221916
502,27,17.74,0.027648446625002293,0.329488472773297
503,14,17.79,0.027586365110812576,0.33211190083829484
504,12,17.78,0.027544000198659636,0.3307814434318259
505,21,17.92,0.027464829357077808,0.32917963292929203
506,23,18.09,0.027380582548916385,0.33022933504959145
507,20,18.2,0.027311895713437062,0.3297753241097573
508,22,18.22,0.02722323253086311,0.32837656774733326
509,9,18.13,0.027189722470865006,0.32959857125683584
510,18,18.15,0.027118539455057284,0.330484997665528
511,23,18.29,0.027024489697560092,0.33289189843258055
512,23,18.34,0.026945559758014645,0.3333647054905939
513,9,18.09,0.026904356379065308,0.33417202060175416
514,12,18.02,0.026869577270512944,0.3327887915443666
515,23,18.06,0.02679612482908854,0.3340789047208163
516,26,18.11,0.026672219556502133,0.3327944800995364
517,22,18.16,0.02659625835037545,0.3328326967093024
518,12,18.08,0.026549918269724262,0.32872555146713067
519,13,18.12,0.02650975988596963,0.33029556761283685
520,14,18.12,0.02645433870212404,0.32856619254787367
521,11,18.04,0.026421826454199594,0.328428513195255
522,19,18.14,0.02636428932158369,0.3293426947133376
523,25,18.28,0.02626797020933764,0.32845944712067593
524,11,18.2,0.026241075801853368,0.32759181771538043
525,16,18.21,0.0261963014372178,0.3280771323064766
526,34,18.36,0.02604905808604238,0.3297836035490036
527,16,18.42,0.025994860816810614,0.33150919017815356
528,16,18.34,0.025950960122493934,0.3309158035139046
529,12,18.29,0.025904427963209634,0.3280353131565717
530,11,18.05,0.025878799483925012,0.32864086506980483
531,23,18.18,0.025808094637148463,0.3244256796223102
532,27,18.25,0.02573078529838235,0.32399195314633966
533,20,18.23,0.02567489789800483,0.32379962562924564
534,22,18.36,0.02561786990538236,0.3230794029365672
535,17,18.32,0.025564474616106957,0.3226054276865308
536,16,18.28,0.02552400185671378,0.32675367519997134
537,16,18.06,0.025476425305884877,0.3251858487872794
538,20,18.16,0.02542356078783158,0.32248851760189134
539,12,18.11,0.025391655990884807,0.32262663012093834
540,20,18.06,0.02533107321551847,0.32210629544045666
541,14,18.05,0.025287008429659287,0.322902456221014
542,8,17.98,0.025265639347120165,0.3199561266320767
543,12,17.94,0.025236495996349334,0.31813215014368
544,14,17.86,0.02520152874427481,0.31723368035094573
545,9,17.67,0.025177656659939547,0.31871531756207494
546,5,17.62,0.025168862121093684,0.317428788483733
547,12,17.56,0.02514719842579085,0.317919721845353
548,18,17.56,0.025109760691268176,0.32114284065100224
549,14,17.5,0.025071834424877256,0.3230650199226814
550,9,17.32,0.025050324868754643,0.32553993991696006
551,18,17.37,0.025005075870856715,0.327558905033782
552,20,17.34,0.024944879376058486,0.3282495592490281
553,28,17.42,0.024873695952117744,0.32841975411566177
554,22,17.52,0.024814357367574136,0.3277261127339731
555,21,17.58,0.024769075981975426,0.32595832601632224
556,14,17.54,0.024742680924313254,0.32743789565445175
557,15,17.55,0.024702774114228963,0.32737379174421327
558,23,17.61,0.024639249333907234,0.3282950231344393
559,20,17.65,0.024586891546481575,0.33125918572491936
560,23,17.67,0.024540116042118566,0.3326329245130614
561,14,17.59,0.024505066136607908,0.33125347739989214
562,14,17.52,0.02447498308425362,0.3342730374914585
563,33,17.67,0.024399551358132,0.33488155960446536
564,14,17.65,0.02436667815156365,0.33316395911249785
565,15,17.66,0.024337736080898197,0.33189752078292395
566,6,17.63,0.024329502207001714,0.3335622345456983
567,21,17.77,0.024286422940258703,0.33217934216603195
568,8,17.7,0.024278072559792183,0.33215027309880396
569,12,17.59,0.02425950336144479,0.333895077504734
570,29,17.64,0.024196926919589613,0.33432745549938464
571,20,17.66,0.02415599791546578,0.3356298789529517
572,26,17.65,0.024088804265408475,0.3362186943540479
573,15,17.69,0.024056427141093715,0.3392388679013394
574,15,17.68,0.024024910085700527,0.33998770524959754
575,12,17.68,0.0240006328922427,0.34125369197071187
576,19,17.62,0.023962608702618564,0.34259959509467136
577,9,17.47,0.023947776747281192,0.34396110061961827
578,15,17.33,0.02392023880529369,0.34480920345476357
579,24,17.39,0.023871153682018087,0.3481328713126702
580,11,17.26,0.023849343335962322,0.34873392573087525
581,14,17.19,0.023821727599893122,0.34888711881519546
582,14,17.11,0.023797916290247155,0.3490112971256275
583,13,17.06,0.02377293257966724,0.34815533518201053
584,27,17.16,0.02372085161803738,0.3458205911487636
585,20,17.29,0.02368106669026665,0.34495602312064405
586,19,17.31,0.023642799835903124,0.34414631482398156
587,15,17.41,0.023623544069627984,0.34304914439078604
588,29,17.52,0.023569239584863122,0.34113251587541976
589,14,17.45,0.0235434561756678,0.3414073750229165
590,25,17.53,0.02350679519895676,0.34155475045784867
591,26,17.59,0.02345147809168441,0.3416938346506345
592,20,17.71,0.02342175155879697,0.3426187391033267
593,13,17.64,0.02339007678529256,0.342899018732628
594,23,17.73,0.02335265500806672,0.3422350232849027
595,32,17.93,0.023296800892187216,0.34376556005808384
596,17,17.86,0.02326024573595358,0.3432586396684741
597,17,17.77,0.02323637077774771,0.34681625738002286
598,9,17.62,0.023221517660530655,0.34463571587411485
599,22,17.65,0.02317768381601205,0.34819430702983745
600,25,17.69,0.023135700429646695,0.34864743791594366
601,11,17.63,0.023115696029259836,0.3471613037999314
602,17,17.53,0.02308994277606271,0.34560327172869504
603,11,17.5,0.023075300351166343,0.34308996929390595
604,9,17.47,0.023064402390245462,0.3422671885478615
605,21,17.47,0.023027395175291836,0.3439412971239279
606,32,17.56,0.022984709946181098,0.3424491349718358
607,24,17.6,0.02294233231615308,0.34339764286385904
608,21,17.59,0.022919179465031397,0.3448777808116214
609,14,17.64,0.02290389393247189,0.34363840284323927
610,13,17.59,0.022889699656579086,0.3432462473612021
611,24,17.6,0.022842268701036318,0.34291461154375924
612,21,17.58,0.02281384695906615,0.3419879248531738
613,22,17.71,0.022771677054027585,0.34269982237036867
614,13,17.72,0.02275358189566127,0.3413898519950338
615,19,17.68,0.02272359465368179,0.34130098678097864
616,1,17.43,0.022718152907934087,0.3391724737859008
617,22,17.43,0.022684521692952646,0.33995730053670337
618,15,17.46,0.022662598622501418,0.3411577923758195
619,17,17.5,0.02263927054869181,0.3423717960272685
620,29,17.65,0.022598027677722742,0.3418010423089018
621,15,17.69,0.022579131131983652,0.34147548247681986
622,9,17.59,0.02256780788441574,0.34406774867289136
623,25,17.59,0.02253248889380617,0.3435073021319833
624,8,17.56,0.02252338832464158,0.34671538522337925
625,10,17.5,0.022508418742779358,0.3457970585268323
626,11,17.27,0.022493537965473674,0.34388195656903897
627,20,17.31,0.022471814686221378,0.34039793229929294
628,10,17.25,0.022454081536426987,0.34047193707215906
629,17,17.3,0.022433796957128983,0.34221894566965577
630,12,17.31,0.022421779430108847,0.3420850208195129
631,15,17.23,0.02240128154438147,0.34224370372767493
632,25,17.21,0.022373587613804567,0.3431726289857732
633,19,17.2,0.02234820820568334,0.3419170043256023
634,7,17.05,0.022341876595048802,0.34287815238579666
635,12,17.0,0.02232647110356527,0.3432725073382406
636,12,16.96,0.022310358186639602,0.3454891837174349
637,14,16.94,0.022294471586950748,0.3445631007451822
638,13,16.87,0.022281886633568875,0.3452776612916795
639,17,16.92,0.022258842630391504,0.3515034525996388
640,25,16.97,0.022225101587022286,0.3514322642937745
641,19,17.02,0.022202851310987263,0.3520785002130093
642,24,17.18,0.022171466121980257,0.3537318840770438
643,25,17.31,0.022147925669784768,0.35551332704501576
644,16,17.33,0.022130278179002767,0.35536596901936107
645,15,17.39,0.02210908155696117,0.35723654365185464
646,17,17.51,0.0220897669898776,0.3581297614491812
647,33,17.72,0.02204910389186746,0.358217392079901
648,16,17.7,0.02202972957859353,0.3616078665645996
649,29,17.85,0.021997512330618193,0.3596930564335077
650,6,17.82,0.021992524786819075,0.36136018064352543
651,17,17.81,0.02197141699633162,0.3605080431345666
652,21,17.82,0.021950142743447757,0.3572054196997444
653,21,17.75,0.02192929098794787,0.3597926693682623
654,24,17.77,0.02190142303507161,0.3611416077554816
655,24,17.8,0.021872084604348228,0.3635585510199613
656,24,17.9,0.021845504296655105,0.36344689293072957
657,12,17.87,0.02183492309705159,0.3620914564569398
658,25,17.89,0.021809503632833578,0.36312345717803085
659,21,17.9,0.021785418018171843,0.36259778758676925
660,28,17.95,0.02175962826146554,0.3623692742963829
661,17,17.98,0.021742555252087004,0.36188696826448535
662,15,17.99,0.021730573007132218,0.36198197541260485
663,15,17.81,0.021714467559813117,0.3591320946960166
664,19,17.86,0.021695287887706,0.3609024547409303
665,22,17.93,0.021669881342759677,0.361036556929645
666,18,18.05,0.02165541638886469,0.36257498984289643
667,19,18.03,0.0216409946824411,0.3629787469854449
668,12,18.07,0.021632402035791965,0.3613913481188293
669,5,18.0,0.02162848896846513,0.362248954796555
670,19,17.9,0.02161260772178561,0.36153974657011506
671,7,17.77,0.021604484580984473,0.3622105384227073
672,29,17.8,0.02158012280968128,0.3619747341859459
673,25,17.9,0.021557765732143172,0.3619470758603351
674,31,18.06,0.021531048158345674,0.35979592829647633
675,15,18.09,0.021516420421503247,0.36021894069001226
676,23,18.13,0.021494217370332937,0.3577538997229963
677,16,18.2,0.021482385436493057,0.35768044289976064
678,10,18.15,0.021475287036187545,0.3561103335111448
679,21,18.12,0.02145929372936205,0.3541956148525276
680,17,18.18,0.021446580610238544,0.35297417050541036
681,24,18.28,0.021430970051043625,0.3554068166430634
682,14,18.28,0.02142049097893389,0.35379186508679156
683,13,18.28,0.021412275977788768,0.35497615862600873
684,14,18.15,0.02140319611177865,0.35653245832660413
685,14,18.09,0.021393338368564944,0.3563985650492187
686,21,18.11,0.02137837128193206,0.36149634170060113
687,17,18.13,0.02136561185232124,0.36396046248402925
688,18,18.02,0.021352970535330817,0.3663547170339244
689,26,18.14,0.021335028408851826,0.3689645056677337
690,17,18.06,0.021321150002946338,0.3677559633656303
691,22,18.02,0.021305978504475256,0.36573336207040463
692,16,17.98,0.02129343642477064,0.3656197801084802
693,24,18.09,0.021278391403600362,0.36349918789202623
694,21,18.07,0.02126396369330954,0.3642869544501352
695,20,17.95,0.021251825106548043,0.36614079434092683
696,24,18.02,0.021234853786612964,0.3655906325519675
697,10,17.95,0.02122924796479971,0.36900426609681386
698,14,18.0,0.02121896552858813,0.36825429153914496
699,22,18.0,0.0212049072242617,0.36849382726272734
700,11,17.86,0.021199317412054407,0.3649265037314727
701,20,17.95,0.021187265271953228,0.36518902663547215
702,11,17.89,0.021180812276605905,0.3666266623404947
703,18,17.96,0.021170408193929843,0.36816265485664407
704,18,18.05,0.02115818320142116,0.3695915753003394
705,14,17.98,0.021151197346571782,0.37049722037102917
706,15,17.81,0.021141910311334073,0.36896593750703455
707,9,17.66,0.02113553348536807,0.3713202407159428
708,33,17.78,0.02111661587567539,0.371367141309351
709,18,17.82,0.021104621311451844,0.3702651142778963
710,13,17.82,0.021096970809625935,0.37227942993735325
711,12,17.7,0.021089536712696075,0.3747805022072084
712,18,17.67,0.021080585011357227,0.37738028065402907
713,19,17.64,0.021071546113780305,0.3771378868582225
714,12,17.63,0.021065615505509897,0.3763593734786062
715,19,17.63,0.02105216776250638,0.3772822504881585
716,22,17.84,0.02103992913526623,0.37966152037134265
717,10,17.72,0.02103417351518518,0.38129221360282145
718,32,17.89,0.021015166432202102,0.3826653296404546
719,10,17.82,0.02100959834310622,0.38029989732964203
720,16,17.69,0.02099870341296088,0.38187592144649807
721,14,17.68,0.02099163773157949,0.38385691958488805
722,31,17.9,0.020972682628483424,0.3853827936224418
723,22,17.87,0.02096483572206661,0.3851299424572746
724,15,17.94,0.020957243548433722,0.38680020092737555
725,13,17.97,0.02095056624143483,0.3853162594951025
726,19,18.05,0.02094204952796029,0.3876529076311848
727,10,17.95,0.0209380074117681,0.389143710679347
728,21,18.06,0.02092844194257462,0.3898766586686125
729,24,18.13,0.020917092051603813,0.3889366361764398
730,19,18.2,0.02090692327152782,0.38656668114190057
731,24,18.29,0.02089565728971216,0.38638110149024735
732,10,18.14,0.020890967410645778,0.38956936751261795
733,24,18.19,0.020880383713626154,0.39313970993060876
734,21,18.33,0.02087044785115932,0.3939600132479526
735,9,18.3,0.02086601986807293,0.3947784428549285
736,19,18.37,0.020857145644140426,0.3982048852018791
737,12,18.35,0.020851677428971295,0.39614585691159315
738,23,18.45,0.020840677278292433,0.3975137649196209
739,16,18.44,0.020834687873391256,0.39752453122988785
740,17,18.36,0.020824607776323032,0.39312313098718626
741,17,18.34,0.02081685193689597,0.3932008483622334
742,16,18.26,0.02081249344838624,0.3925033052368919
743,15,18.16,0.020806583842517993,0.39200061176082873
744,9,18.09,0.020803564817318716,0.3899247329128851
745,19,18.13,0.020795330578825974,0.3924945523538212
746,20,18.16,0.020784979694561136,0.389700323343277
747,6,17.89,0.020782902252197418,0.3913257240068794
748,26,17.99,0.02076997484897602,0.39194990443711236
749,29,17.99,0.020753408705880234,0.39084508542967317
750,9,18.02,0.020750213513473535,0.39210052065329976
751,15,18.0,0.020744719658798063,0.3924150266269646
752,19,17.98,0.020735542153158072,0.39189223664821965
753,25,18.02,0.02072698645837944,0.39433036936391697
754,16,17.94,0.02072018480353124,0.39161828027503326
755,13,17.83,0.020715661901370287,0.3896377217946666
756,20,17.79,0.020708576374405284,0.3872053949254574
757,17,17.84,0.02070170132508347,0.38763603877903213
758,23,17.82,0.020691634647840764,0.3855176033212407
759,21,17.82,0.020684410477305692,0.38148633921795555
760,18,17.72,0.020677702126967963,0.380351098235881
761,1,17.56,0.02067722790147737,0.37699063764055174
762,23,17.64,0.020666878486825562,0.37854181694807393
763,17,17.66,0.02065955004376235,0.383522128778519
764,19,17.66,0.020651976064684857,0.38221008360090825
765,23,17.67,0.020643555229863383,0.38049814909106433
766,11,17.6,0.020639993391581662,0.37756729251382376
767,12,17.53,0.020636133120656763,0.3761406518002548
768,19,17.6,0.020629394251097007,0.37364918974661593
769,23,17.78,0.020623692744611625,0.3779906551584159
770,21,17.8,0.020617579528095092,0.3754165084792836
771,11,17.84,0.02061499113351066,0.37612710207110583
772,16,17.71,0.020609541997048467,0.37729276886375823
773,13,17.59,0.020605804817373237,0.3749814562425755
774,17,17.45,0.020601127976206654,0.37678264192130306
775,11,17.41,0.02059735277432894,0.3788681311329993
776,15,17.33,0.020592326409684364,0.38092034147812587
777,15,17.32,0.020588312253696738,0.3799551820548454
778,14,17.36,0.020584705236283907,0.38211581413403595
779,25,17.4,0.02057677823467579,0.38218438219611006
780,14,17.37,0.020572411335329093,0.3899352211910899
781,15,17.28,0.020568873364094176,0.39041171488490434
782,18,17.32,0.02056456631404848,0.38804254710379216
783,18,17.37,0.020559480039015705,0.38731243240066093
784,12,17.35,0.020556466989360794,0.3863697235684584
785,23,17.44,0.020549664367281287,0.3847335503980665
786,19,17.42,0.020544521730488662,0.3837586153704341
787,28,17.53,0.020535825126145844,0.38041486089477444
788,23,17.58,0.020530175376382832,0.3796204259932631
789,25,17.57,0.020523615612210274,0.37583022446620584
790,15,17.55,0.020520457301280465,0.37433328774600927
791,24,17.57,0.020514403435032358,0.37530688270188794
792,30,17.71,0.020504772509047683,0.37645030929015416
793,13,17.6,0.02049997487674348,0.3773053157890197
794,11,17.5,0.02049621428053834,0.37967600643929866
795,6,17.36,0.020494480566326162,0.3773519691116739
796,17,17.29,0.0204898052438899,0.3773092921860147
797,19,17.38,0.020486145445958257,0.3764405906347945
798,12,17.36,0.02048335813085455,0.3719714927938905
799,15,17.29,0.020479650565691294,0.3725251030951443
800,30,17.48,0.020469542046545913,0.37179959476879326
801,26,17.54,0.02046347750487043,0.37077484029059365
802,23,17.66,0.0204579490121103,0.3710700252121038
803,19,17.67,0.020453936740690466,0.3727567982998225
804,14,17.63,0.02045095062322913,0.3716828624653344
805,30,17.79,0.020443260596324828,0.37045421628373687
806,25,17.89,0.0204348311742773,0.3718145733865181
807,15,17.95,0.020431797984606724,0.3748619995347344
808,19,17.81,0.0204267540494381,0.3731928424227356
809,12,17.75,0.02042392555019293,0.3743411680997008
810,16,17.78,0.02042103158332663,0.3749371452054175
811,14,17.8,0.020417092429471737,0.37425193581545707
812,25,17.87,0.020412405814264015,0.37466813557513867
813,16,17.84,0.020409119729614268,0.37027303690072333
814,20,17.92,0.020405109682183183,0.368518634671622
815,18,17.91,0.020400717964987675,0.3691896006169886
816,22,17.91,0.020395720379967255,0.3725911714505441
817,26,18.07,0.020388525129318658,0.37030858000611316
818,11,17.86,0.020385718508425407,0.3718413181676723
819,16,17.92,0.02038304705883232,0.36926258148828356
820,17,17.93,0.020379558164278135,0.3709126397377194
821,17,17.96,0.02037630795997591,0.36985105947397723
822,23,17.88,0.02037109490950043,0.3695540678235564
823,18,17.84,0.020367641342681396,0.37227453947952477
824,16,17.85,0.020364292767489918,0.3697415816754398
825,26,17.98,0.02035883326964417,0.36704801945108
826,20,17.99,0.0203558139033043,0.367567611434082
827,18,18.07,0.020351481771470382,0.3678074552133532
828,17,18.03,0.020348402301422475,0.3691463201205329
829,23,18.02,0.02034357583221038,0.3707677337645304
830,12,17.95,0.02034174260975075,0.36983038669470514
831,23,17.94,0.020337699974083294,0.3684369879636434
832,24,18.08,0.020333838669437748,0.37145407446245154
833,10,17.94,0.02033247273297625,0.369581101480687
834,17,17.9,0.020329493903220437,0.3663812497317201
835,14,17.95,0.020327048294844084,0.36707580760859027
836,22,17.98,0.02032416668735572,0.3673921802108831
837,19,18.05,0.020320780744447046,0.36697300375983266
838,14,17.96,0.020318527193300406,0.36866616870802227
839,24,18.04,0.020313737876997206,0.36791939568696636
840,23,18.1,0.02031030567208525,0.36891466843904835
841,33,18.26,0.02030519711625099,0.36895789006854046
842,28,18.38,0.020300382856888514,0.3726792529520422
843,10,18.33,0.02029916876651064,0.37406059797152436
844,25,18.49,0.02029536380997135,0.37473310449040764
845,14,18.44,0.02029330348285944,0.37602773965290276
846,15,18.39,0.020290791888243474,0.37596344925684505
847,27,18.6,0.020286548512708783,0.38032333619228686
848,6,18.4,0.020285618741738697,0.37762364531212517
849,21,18.32,0.020282042523083566,0.3795447407825158
850,16,18.39,0.020279250115245787,0.37871095825835027
851,30,18.54,0.020275409161154966,0.3790435483402545
852,21,18.56,0.02027201517376663,0.3763941720423132
853,15,18.46,0.02026965890638013,0.37493063457826575
854,14,18.44,0.02026743000021353,0.3775466502745553
855,21,18.52,0.02026413434351068,0.37871927000803524
856,23,18.55,0.020261833249970638,0.3825460499023447
857,14,18.52,0.020259902835264385,0.384476532809215
858,26,18.55,0.020256648604248816,0.38402317073380593
859,23,18.57,0.020253764799205324,0.3862209712514783
860,24,18.63,0.020249999233197303,0.39168517409574866
861,16,18.78,0.020248652875774726,0.39296475156108934
862,23,18.78,0.02024462045611583,0.39636852024215286
863,26,18.87,0.020240918294887805,0.3956568661597696
864,13,18.81,0.020239632823711665,0.3921971484871194
865,26,18.84,0.02023614779302435,0.3950734399627931
866,39,19.12,0.020231321345674874,0.39379302685213563
867,19,19.19,0.02022967329684888,0.393859924803866
868,12,19.12,0.020228219492128958,0.39462879196842116
869,12,19.01,0.020226967730422422,0.39706381963621273
870,29,19.09,0.020222662651082825,0.3948713262187372
871,8,19.06,0.020221962367257987,0.3967927282694543
872,18,19.08,0.020219654937836916,0.39517792483957687
873,12,19.07,0.020218362789290196,0.39199378599624823
874,11,19.01,0.020216991428041377,0.3926378073963788
875,14,19.04,0.02021562867921082,0.38986945403094336
876,21,19.1,0.02021351516287673,0.3889121211106234
877,13,19.08,0.020211993974192283,0.3869906331938092
878,9,19.03,0.020211052696902404,0.3874753098381628
879,29,19.07,0.020207495126084763,0.38908043784080165
880,26,19.19,0.020204538833157627,0.393968325882855
881,19,19.23,0.02020274678798923,0.3884982807506429
882,33,19.38,0.020198980703094196,0.38604721087630434
883,10,19.3,0.020198166552361,0.38916933462761416
884,8,19.26,0.02019742481940815,0.39313933622128894
885,19,19.22,0.020195979066635533,0.39496197957213564
886,15,19.18,0.020194174618706897,0.3947044872116334
887,25,19.15,0.020191455968110925,0.3962266483519337
888,25,19.17,0.020189172226349,0.39492271589760736
889,18,19.1,0.020187599214722046,0.39336535098529096
890,20,19.15,0.02018578829947724,0.39662118890497944
891,26,19.17,0.02018372826596722,0.3994800646116238
892,22,19.09,0.020181627493502483,0.3990015995384443
893,13,19.09,0.02018053196448366,0.4001251618460854
894,11,19.09,0.02017947893560401,0.39721617073115734
895,18,19.21,0.02017740013850888,0.3943076853704925
896,17,19.21,0.0201759338110362,0.3951996676992662
897,7,19.09,0.020175143887547382,0.3940545630336988
898,15,19.12,0.020173817839367808,0.395839993758957
899,14,19.11,0.02017253633477142,0.39735624769536576
900,22,19.03,0.02017001010061146,0.3966743109544905
901,16,18.93,0.02016864701308976,0.39984285492118044
902,25,18.95,0.02016582082710537,0.40351224358719173
903,12,18.88,0.020164721776996956,0.4028851606763235
904,32,19.06,0.020161969468374587,0.4005905581582891
905,33,19.09,0.02015915170242371,0.3981007969025338
906,20,19.04,0.020157410627166767,0.40041633024074064
907,11,19.0,0.020156523764868504,0.3960287942744718
908,24,19.05,0.02015398540891918,0.3946325678636532
909,11,19.04,0.020153179103924942,0.3972845831424883
910,9,18.97,0.020152689714233504,0.39563759497486717
911,23,19.06,0.020150808052191965,0.396463607059847
912,16,18.97,0.020149606400788844,0.397417615988467
913,18,18.99,0.020148058556959756,0.3958169618750563
914,14,18.93,0.020146680661153323,0.39714387073965357
915,8,18.83,0.020145956385940644,0.3974199004397534
916,17,18.78,0.020144721014427037,0.396490145880397
917,14,18.66,0.020143618122606545,0.39409574940062986
918,22,18.77,0.020142061185790722,0.3940132645392182
919,24,18.85,0.020140156247050213,0.3918791369046315
920,17,18.85,0.02013887966665156,0.3941003790881374
921,29,18.97,0.020136682108086522,0.3939852412089263
922,12,18.86,0.020135946013945746,0.392670669030435
923,2,18.7,0.020135837300625712,0.3901428832571105
924,15,18.69,0.02013487627148185,0.38766350884838857
925,14,18.57,0.02013394882856631,0.3873943690911378
926,16,18.53,0.020132941323029892,0.39008110864917833
927,21,18.56,0.020131381834495716,0.3891166718584476
928,16,18.55,0.020130308908461545,0.3880497844207405
929,8,18.4,0.020129853624493644,0.3886664741405166
930,25,18.53,0.020128170043950143,0.3905229440124908
931,24,18.54,0.020126875697922354,0.39123297254047773
932,17,18.47,0.02012570122370181,0.392061177456733
933,5,18.42,0.020125349752564668,0.3900203539593385
934,20,18.45,0.020123897901401018,0.3877270708579828
935,20,18.51,0.020122481236968182,0.3909187396564106
936,19,18.48,0.020121153441118866,0.39232831927809386
937,25,18.54,0.020119546790931628,0.39099250187968265
938,17,18.57,0.020118594231920528,0.3885934178781982
939,30,18.63,0.02011653688713369,0.3881448675500284
940,13,18.53,0.02011593246817185,0.3844033835252913
941,10,18.3,0.020115498535548393,0.3830815218757875
942,25,18.27,0.02011379036484294,0.3834603321139175
943,16,18.33,0.02011295142405239,0.37892207075463663
944,20,18.28,0.020111531587935327,0.3750916063638017
945,23,18.37,0.020110124093277476,0.37164357621775995
946,21,18.43,0.020108783302246722,0.3728666891998584
947,16,18.32,0.020107808645062755,0.36972476283807565
948,20,18.46,0.020106880121935018,0.3681554286049144
949,17,18.42,0.02010589074453685,0.3694383899616723
950,15,18.41,0.020105141582921475,0.3665270946256005
951,34,18.45,0.02010326080245674,0.36711566688695757
952,22,18.46,0.020102080105249668,0.3651836764546904
953,13,18.44,0.020101474531990442,0.3645623384578393
954,13,18.43,0.020100510062880092,0.3676526601804365
955,11,18.33,0.02010013385597311,0.3644279715890932
956,19,18.29,0.02009928136111335,0.3629665762038514
957,22,18.37,0.020098244360601772,0.3600984284340745
958,10,18.21,0.020097666425459383,0.35946298862742904
959,12,18.1,0.020097091890095127,0.36062037627590765
960,14,18.0,0.020096458016417528,0.36063228127094776
961,14,17.98,0.0200957372874066,0.35652418132170594
962,5,17.8,0.02009547437154124,0.3565141010549989
963,33,17.87,0.02009351369074416,0.3529442249990926
964,19,17.93,0.020092342810278423,0.35159649906477125
965,21,17.88,0.02009135544168268,0.3520484627916081
966,9,17.58,0.020090908894951392,0.3495726906279526
967,22,17.61,0.0200900628581691,0.3499158714519869
968,25,17.74,0.02008890850885966,0.3507936374828367
969,15,17.77,0.02008801065182745,0.3516224064301736
970,7,17.55,0.02008775140298461,0.34892626733768106
971,11,17.58,0.02008722210972312,0.35116251174471164
972,22,17.62,0.0200862765513819,0.3492764223477628
973,24,17.74,0.020085132413533626,0.3505192624017744
974,15,17.78,0.020084420296339407,0.3535663152832796
975,16,17.8,0.020083810462509774,0.35132487641997856
976,24,17.83,0.020082703163221128,0.3506842306492352
977,13,17.83,0.020082167335985265,0.35052025856653063
978,18,17.92,0.0200814800211268,0.3500124231571018
979,17,17.8,0.020080649116570832,0.35244246232922716
980,8,17.62,0.020080411552256594,0.35007925412737495
981,17,17.6,0.020079894566814912,0.34430953277514714
982,17,17.44,0.020079285705243626,0.3450793819409786
983,25,17.59,0.020078292972706357,0.3443700512594516
984,18,17.69,0.020077436469411104,0.3403681009860322
985,18,17.68,0.020076489834576248,0.33912890153651193
986,26,17.79,0.02007514036146191,0.33556513480915884
987,15,17.69,0.020074702073589325,0.3342736530864593
988,14,17.58,0.020074066093549114,0.3351977779576094
989,20,17.6,0.020073036392961926,0.337313942316145
990,20,17.6,0.02007218323744897,0.3388598365801396
991,23,17.57,0.020071126348414774,0.33555601515097194
992,18,17.53,0.020070432714557586,0.3325597480824678
993,17,17.57,0.02006961693457799,0.33428193134541556
994,18,17.64,0.020068907005600142,0.33509313108602373
995,26,17.72,0.020067654092680222,0.3365156466860582
996,26,17.81,0.020066490418238866,0.3385721945969185
997,26,18.0,0.02006560538956949,0.3406922660104119
998,26,18.11,0.020064628652567217,0.34137464447481797
999,27,18.24,0.02006372378288863,0.34450881249538745
1000,23,18.25,0.020062891300710175,0.3453311957787759
1001,23,18.32,0.020062113158005816,0.3460002006723149
1002,23,18.3,0.020061424443015338,0.3434232770658956
1003,17,18.35,0.02006083758976502,0.3427147832099754
1004,24,18.27,0.02005975828549957,0.34585268847127953
1005,14,18.08,0.020059101591361896,0.3479250565466314
1006,23,18.11,0.020058545711990335,0.35070374748199296
1007,21,18.21,0.02005798056398309,0.35007325663129885
1008,16,18.13,0.020057613553892066,0.35263643782622744
1009,21,18.23,0.020056721756556144,0.35485065654657855
1010,21,18.35,0.020056067585706442,0.35430152485571287
1011,13,18.25,0.020055601370522987,0.3541322098952709
1012,9,18.18,0.02005537110297097,0.3531373762110672
1013,18,18.18,0.020054817410351877,0.35377853658824865
1014,28,18.32,0.020054003985567528,0.35034620038943715
1015,15,18.39,0.020053522806385504,0.3506496677009186
1016,19,18.41,0.020052955813095907,0.350379943109975
1017,9,18.36,0.020052778707938805,0.3506400318133949
1018,22,18.36,0.02005226400277565,0.3502826329210017
1019,10,18.22,0.02005204495428782,0.3532308940545167
1020,25,18.3,0.02005140358158352,0.3547506893035209
1021,23,18.24,0.020050915014002805,0.35331042745325825
1022,28,18.4,0.020050197129844297,0.3553178348753712
1023,11,18.49,0.02004994677061473,0.35989431166412805
1024,27,18.61,0.020049080305808816,0.3611481670695956
1025,20,18.67,0.02004855551830799,0.36076001926223833
1026,24,18.75,0.02004791160979115,0.3599605204740373
1027,13,18.67,0.02004748708838645,0.3568089200128423
1028,22,18.73,0.020047012233291805,0.3575010128540568
1029,17,18.82,0.02004667496084991,0.35720874796999563
1030,24,18.81,0.020045918030011597,0.35605228153785856
1031,24,18.81,0.02004536350152921,0.3526519463203921
1032,20,18.84,0.0200448717244168,0.3567710279828251
1033,28,19.07,0.020044316534675248,0.3574380271210529
1034,37,19.24,0.020043339213582836,0.35773589248114296
1035,23,19.27,0.02004290583585708,0.3609069363020434
1036,22,19.3,0.020042391923077933,0.3558582960083933
1037,26,19.31,0.020041748263208984,0.3536948451016209
1038,16,19.3,0.020041353532647365,0.3537601298919999
1039,29,19.29,0.020040644269349622,0.3533243373183921
1040,26,19.42,0.02003993319171535,0.3519343519859975
1041,16,19.48,0.020039634813095956,0.3543280605042335
1042,18,19.41,0.02003931899952979,0.35568421488941304
1043,21,19.46,0.020038859704925385,0.35459267266906136
1044,15,19.41,0.02003856356237222,0.3558386998011334
1045,21,19.39,0.020038057868272622,0.3576466372550124
1046,24,19.42,0.020037476266925928,0.3602024395719613
1047,24,19.5,0.020036977434589945,0.3572766872325746
1048,25,19.55,0.0200364505975003,0.35651190652705655
1049,16,19.54,0.02003612582019905,0.3550282313977138
1050,8,19.47,0.020035965417459955,0.3555158820777836
1051,27,19.4,0.020035368013939337,0.3560380149300736
1052,13,19.31,0.02003514413860727,0.35542721692288276
1053,23,19.41,0.020034669413768188,0.3565952080016089
1054,19,19.47,0.020034319299056406,0.35674384723205377
1055,25,19.61,0.02003378300450205,0.3534843244469992
1056,24,19.66,0.02003325841609281,0.3524408864207787
1057,9,19.53,0.020033107434044226,0.3543762626624343
1058,12,19.55,0.020032914320961565,0.35298473852695805
1059,23,19.66,0.020032511954440665,0.35157602169726154
1060,13,19.65,0.020032280323035487,0.3541885257357418
1061,11,19.62,0.020032108084456268,0.35339033043030466
1062,27,19.84,0.020031521121679868,0.3573938324899957
1063,21,19.72,0.02003124495273465,0.35588714037791336
1064,20,19.73,0.020030879972995148,0.35983291165073317
1065,9,19.61,0.02003070599310374,0.3609071959658424
1066,15,19.67,0.020030478083472622,0.35785798728466034
1067,26,19.71,0.020030096468841792,0.3592562547119537
1068,5,19.51,0.02003002732650762,0.35960810270049787
1069,17,19.53,0.020029774664598585,0.3605568652400876
1070,21,19.67,0.020029353384378452,0.362765969173743
1071,24,19.8,0.020028935171169,0.36526842267796544
1072,30,19.88,0.020028357962378358,0.36172476056778785
1073,18,19.82,0.020028094051137816,0.3629567403309416
1074,14,19.81,0.020027917614973127,0.36296387754454473
1075,22,19.87,0.0200276273949374,0.3632615201248981
1076,23,19.86,0.02002717800076502,0.3658850572191843
1077,19,19.92,0.02002678944189216,0.3646095383285296
1078,19,19.93,0.020026537474089258,0.3653493119348394
1079,14,19.9,0.020026322072628673,0.3634278574349857
1080,15,19.97,0.020026107114167295,0.362658060792059
1081,14,19.94,0.02002592370628485,0.36327996591825296
1082,24,20.01,0.020025609358488683,0.36526373154161
1083,9,19.85,0.02002545488960935,0.36842473611088083
1084,19,19.86,0.02002519404987703,0.36757537722587585
1085,23,19.91,0.020024821441360852,0.36767617163091604
1086,19,19.84,0.02002464953042587,0.3666267356660106
1087,20,19.89,0.020024411585877477,0.3663767776866951
1088,20,19.95,0.020024127634676404,0.3688847695541854
1089,16,19.91,0.020023899507466927,0.36743572192026835
1090,18,19.89,0.020023694852978367,0.3667135579456197
1091,27,19.93,0.020023351421276772,0.3646892065754031
1092,19,19.94,0.020023124851243097,0.36505393639649497
1093,28,20.05,0.020022733914733616,0.36467759473489064
1094,10,19.97,0.020022634105250677,0.3619715376655654
1095,24,19.95,0.020022357410914675,0.36190417969580924
1096,19,19.88,0.02002210619421882,0.3633780134196329
1097,28,19.9,0.02002176183724518,0.36385568356750037
1098,16,19.8,0.020021566859426253,0.3604626879833712
1099,23,19.76,0.02002130960373435,0.3604465873524694
1100,10,19.63,0.02002122453556917,0.3569792476621005
1101,8,19.48,0.020021134522705823,0.3556187586619122
1102,16,19.41,0.020020862595167825,0.35475144498419053
1103,13,19.37,0.02002075750463915,0.35389341340206637
1104,16,19.29,0.02002058078452951,0.3517759967558455
1105,20,19.35,0.020020423942214614,0.3501756380100061
1106,18,19.3,0.020020217687713462,0.3489188785010045
1107,24,19.33,0.02001999651184607,0.34849477728994765
1108,20,19.37,0.020019757987711013,0.347603578673731
1109,23,19.39,0.020019477459047117,0.3464700682918624
1110,18,19.36,0.02001929233468901,0.34302553062391755
1111,31,19.54,0.02001896429215418,0.3426447572684524
1112,13,19.58,0.0200188621609789,0.34213151922910523
1113,24,19.64,0.02001861853985447,0.34286430109255384
1114,14,19.5,0.02001846556877401,0.34037914459067997
1115,16,19.51,0.02001829829435112,0.3460700852003428
1116,12,19.44,0.020018159754432583,0.34358426758853516
1117,17,19.52,0.020017948523416776,0.34305284069021147
1118,11,19.41,0.020017850970038574,0.3441849128887205
1119,23,19.54,0.020017665398700646,0.3441857308296874
1120,13,19.42,0.020017534280502066,0.34067067703103077
1121,18,19.37,0.020017343327506196,0.3407938302596017
1122,13,19.22,0.020017243889531185,0.34216635674238205
1123,17,19.28,0.020017103067795215,0.3396859230233891
1124,19,19.2,0.0200169235788987,0.3359181844804547
1125,23,19.23,0.020016737602762364,0.3354311587639374
1126,23,19.22,0.020016495009005715,0.3371287090796055
1127,19,19.28,0.020016349672239798,0.33669514533611805
1128,13,19.19,0.020016239683581512,0.3372049788289731
1129,17,19.19,0.020016131241388527,0.3353528047699739
1130,21,19.16,0.020015915728763146,0.33614192777636026
1131,9,19.01,0.020015847438059703,0.333696344480066
1132,24,19.05,0.020015639626451344,0.33659901278148785
1133,22,18.99,0.02001545539063103,0.33191083895392937
1134,11,18.73,0.020015364472299124,0.3316358048284408
1135,20,18.7,0.020015135725107568,0.33245816126023187
1136,22,18.7,0.020014964157634013,0.32884666803154616
1137,19,18.63,0.02001482341241295,0.33277538780233645
1138,17,18.64,0.020014722219020974,0.3348086341330321
1139,15,18.5,0.02001458593707737,0.33706085465036995
1140,19,18.43,0.020014427092328525,0.3387040449398579
1141,24,18.51,0.02001424716373333,0.33885072695441765
1142,5,18.38,0.02001421443291162,0.33797180866545967
1143,15,18.32,0.020014089190196805,0.33531366296038767
1144,14,18.31,0.02001398461575332,0.3373664693519621
1145,21,18.31,0.020013847543477365,0.33694292523778313
1146,32,18.39,0.020013574701147313,0.33676328805118505
1147,12,18.27,0.0200134941714888,0.3357180058218465
1148,28,18.3,0.02001329459884208,0.3373313712896687
1149,26,18.4,0.02001312748141301,0.33911983993383915
1150,14,18.46,0.02001305613124512,0.33970864633522413
1151,19,18.38,0.02001290555515247,0.3378112558091041
1152,21,18.46,0.020012739505703994,0.3369657314649903
1153,11,18.34,0.020012670264252252,0.3354458764638051
1154,9,18.24,0.020012612114882776,0.336232723280935
1155,19,18.18,0.020012499740081933,0.3364114551851065
1156,17,18.11,0.02001237969772606,0.3377298919281157
1157,7,18.09,0.020012338912056934,0.3401883542537689
1158,9,18.06,0.020012274916247547,0.339188162938203
1159,35,18.18,0.02001200601591777,0.34236615807703225
1160,9,18.14,0.0200119568920253,0.3420923847963314
1161,20,18.23,0.020011829635318147,0.3376484660819025
1162,11,18.07,0.020011756518475605,0.33834601864956393
1163,9,17.95,0.02001170783002235,0.3351371665992359
1164,24,17.99,0.020011567597269755,0.3366075940061324
1165,15,18.05,0.020011480590773192,0.33496403635138333
1166,20,18.1,0.020011375453710133,0.33434548501921174
1167,22,18.06,0.020011230214291742,0.3358315306134743
1168,10,18.11,0.020011171968747087,0.3391140873479371
1169,29,18.23,0.020010963349549365,0.339050029173936
1170,23,18.25,0.02001080498768974,0.3388359452238177
1171,20,18.21,0.02001069747626589,0.33699405665444854
1172,24,18.15,0.02001052609961554,0.33518681284224633
1173,7,18.04,0.020010495618146145,0.3360150643799565
1174,24,18.14,0.020010356950608,0.3348157597650396
1175,23,18.15,0.020010234945053895,0.33353045951611926
1176,15,18.07,0.02001017473666747,0.3299951773173738
1177,12,18.0,0.020010095177662276,0.32881175188144834
1178,23,18.04,0.020009941897030984,0.33068647626603004
1179,8,17.98,0.020009904684733782,0.330002496738245
1180,17,18.0,0.020009810054711204,0.3307342550689631
1181,24,18.1,0.02000967657339642,0.3306752119471531
1182,34,18.2,0.02000949730287732,0.329884308178236
1183,19,18.3,0.02000939058743261,0.32903726745655043
1184,18,18.29,0.02000929203750016,0.32371212711723724
1185,28,18.34,0.02000914271923617,0.3258191032869981
1186,28,18.43,0.020008999849461053,0.3251434511477404
1187,21,18.44,0.020008890273826182,0.32405592692960605
1188,14,18.38,0.020008827376431986,0.3245371751265951
1189,25,18.47,0.02000869464962326,0.32341735522345744
1190,28,18.57,0.02000854894471895,0.32303410296392915
1191,11,18.41,0.020008481250051276,0.3205487043550699
1192,22,18.44,0.02000836501268309,0.320300758917733
1193,29,18.45,0.020008254907323903,0.3217112472151766
1194,21,18.56,0.02000815195561025,0.32070273278963446
1195,15,18.47,0.020008078917175723,0.32137999292647484
1196,21,18.49,0.02000798294866934,0.31802672000214605
1197,31,18.52,0.020007844070143815,0.3149092167910963
1198,25,18.61,0.020007723424475928,0.31339510508102947
1199,19,18.57,0.020007659968340474,0.31381156229146634
1200,13,18.6,0.020007606916130485,0.3122251126730796
1201,23,18.75,0.0200075116702961,0.3106348539638047
1202,23,18.82,0.02000743098076467,0.31046960775804994
1203,22,18.91,0.02000737250729096,0.3098234420660699
1204,25,19.0,0.020007249321299676,0.3112142990426262
1205,22,19.02,0.020007157121325708,0.31191405786736176
1206,6,18.9,0.020007142821387762,0.3092349186392114
1207,7,18.73,0.020007125699171308,0.30779610161143955
1208,15,18.68,0.02000706044337586,0.3052886103344436
1209,17,18.62,0.02000699683462704,0.30556202421684076
1210,13,18.57,0.020006946985681805,0.30703114327227715
1211,20,18.46,0.02000685828801877,0.306462371850958
1212,22,18.55,0.02000677410903688,0.3059106146049972
1213,29,18.6,0.020006621075709607,0.30713826299893976
1214,21,18.67,0.02000654700603102,0.30550045660226655
1215,13,18.64,0.02000651239868952,0.3053340621218823
1216,9,18.61,0.020006483807082948,0.3002183928643123
1217,17,18.61,0.02000642764263095,0.30019403876054407
1218,28,18.78,0.02000631961223242,0.3003280286741729
1219,18,18.73,0.02000626831670593,0.29910525945153565
1220,20,18.8,0.020006181171710376,0.299148158861859
1221,24,18.86,0.02000610530368908,0.29995444239956315
1222,13,18.86,0.02000606453488238,0.2979709576852251
1223,1,18.7,0.02000605998818644,0.2962022577181901
1224,20,18.71,0.020006001190406585,0.29731313662953895
1225,26,18.74,0.020005915096730068,0.29658777495421984
1226,18,18.69,0.020005854776657072,0.297220773035937
1227,23,18.73,0.02000578349314594,0.2972978979054064
1228,22,18.82,0.02000573683606772,0.29820396581498704
1229,27,18.92,0.020005653121387912,0.2972885523692216
1230,26,18.97,0.020005564225772703,0.29877866893121513
1231,10,18.98,0.020005533429857378,0.29848481862261744
1232,31,19.05,0.02000540382940138,0.29961946473853424
1233,20,19.03,0.02000533643512603,0.2953878865383639
1234,28,19.2,0.020005240976577115,0.2951679492350852
1235,18,19.18,0.02000519142305156,0.29583354722155203
1236,13,19.09,0.020005151602599552,0.2937657384589167
1237,21,19.11,0.020005082523298877,0.2958199437892083
1238,14,19.08,0.020005048079382484,0.2931323150301924
1239,19,19.12,0.020004995851413094,0.2911046703558157
1240,26,19.19,0.02000491925871095,0.2892190243052964
1241,16,19.11,0.020004868363534014,0.28840189065673566
1242,20,19.26,0.020004809330333627,0.2881756562112582
1243,18,19.29,0.020004759810472013,0.28939718671954506
1244,8,19.23,0.02000473915026499,0.29123824008620613
1245,20,19.22,0.020004691994931965,0.2877351544281044
1246,14,19.04,0.020004657402319992,0.28835711266734815
1247,19,19.11,0.0200046018474878,0.2889294878090962
1248,17,19.0,0.020004547864811612,0.28999465940022234
1249,28,19.02,0.020004470757470007,0.2886665383777996
1250,25,19.13,0.020004411690064602,0.28653839732160663
1251,16,19.1,0.02000437850722745,0.28608213645396846
1252,15,19.04,0.020004345791261473,0.2855155792566809
1253,9,19.02,0.020004317851111685,0.28549449780199787
1254,22,19.15,0.020004258461098982,0.28623493266577765
1255,20,19.16,0.020004221362109147,0.283232513483208
1256,17,19.16,0.020004174972830625,0.28392270074622467
1257,24,19.33,0.020004106650984198,0.2833811512382904
1258,15,19.39,0.02000407392883942,0.2812318337140697
1259,22,19.26,0.020004012272747226,0.27907797812235235
1260,26,19.43,0.020003967189266572,0.2774114706138573
1261,27,19.5,0.02000390500026302,0.27774802706029156
1262,16,19.55,0.02000387659755711,0.2783353992617956
1263,9,19.55,0.02000386324633963,0.27902901792290186
1264,28,19.59,0.020003796797129422,0.27916720686572616
1265,5,19.49,0.020003786938278943,0.27791553175095285
1266,17,19.46,0.020003744761202737,0.27691147055956394
1267,15,19.39,0.02000371455115287,0.27557943805609597
1268,16,19.45,0.02000368513754521,0.2769910356785991
1269,23,19.39,0.020003638814168355,0.2733334940258819
1270,33,19.49,0.020003557143555166,0.2717714086912646
1271,13,19.42,0.020003524039266647,0.2713232537602434
1272,21,19.39,0.020003484790231736,0.2712617429471252
1273,22,19.54,0.020003447529372692,0.2701898053435996
1274,19,19.49,0.020003412543305364,0.27094882416843186
1275,26,19.52,0.020003363754802054,0.2726982598847682
1276,20,19.57,0.020003327122614222,0.27577673400392627
1277,10,19.55,0.020003309204574354,0.2756735943626649
1278,10,19.42,0.02000329302913413,0.2785657633944313
1279,19,19.53,0.02000325570177222,0.2764022065566318
1280,16,19.52,0.020003229760063235,0.27635235612345216
1281,16,19.44,0.020003197143806113,0.27814639588393786
1282,28,19.38,0.02000314749799728,0.2750744057616385
1283,14,19.33,0.020003119765537147,0.27262713037209935
1284,13,19.28,0.020003092895943778,0.27174447100646426
1285,17,19.17,0.020003064265350118,0.2731441409133448
1286,32,19.21,0.020003011257756085,0.2738114798275551
1287,16,19.16,0.02000298830952316,0.2731257185044855
1288,26,19.28,0.02000294617538828,0.27374431911376446
1289,28,19.31,0.020002901006804324,0.2732426679813036
1290,28,19.31,0.02000286310829368,0.27195344164524926
1291,16,19.36,0.02000284541193765,0.273098857612303
1292,23,19.37,0.020002807116642443,0.27373535023762446
1293,26,19.34,0.020002761455375315,0.2754838496889218
1294,16,19.29,0.020002734935495165,0.27557934282144697
1295,21,19.35,0.020002693813508,0.2771566215865683
1296,24,19.38,0.02000265848882551,0.2776790793136795
1297,20,19.27,0.0200026345380424,0.278326308742018
1298,20,19.22,0.020002613023162016,0.2792878585434196
1299,22,19.25,0.02000258211246978,0.28053062482930646
1300,9,19.21,0.020002569362595028,0.2816909919723426
1301,20,19.18,0.020002539603205822,0.281438652757961
1302,16,19.11,0.02000251697516864,0.2820745738278521
1303,23,19.12,0.020002484963200153,0.28141143704109856
1304,20,19.07,0.0200024581470899,0.2809998238883396
1305,19,19.04,0.020002425670183763,0.2811599213740613
1306,29,19.27,0.020002378471015197,0.2801045671400457
1307,15,19.35,0.0200023596371345,0.28087524000075786
1308,21,19.41,0.020002327181434715,0.28179659723940464
1309,18,19.42,0.020002308753689652,0.28169959628641017
1310,29,19.58,0.020002270177110388,0.2805330693574235
1311,24,19.62,0.020002238616073593,0.2771569991318306
1312,24,19.64,0.02000220870826826,0.27918288222338894
1313,5,19.4,0.020002203193394054,0.2812049045863718
1314,16,19.35,0.020002185966031774,0.2801794119843162
1315,31,19.53,0.020002152452415912,0.2797029896980465
1316,29,19.73,0.020002121042791744,0.2818455949130625
1317,14,19.7,0.020002102459501576,0.2834229843303709
1318,17,19.59,0.020002083726444516,0.2847873989750843
1319,14,19.55,0.02000206846720156,0.28484778556198176
1320,11,19.46,0.020002053319702878,0.2828197127374092
1321,13,19.35,0.02000203665315573,0.2806844558603693
1322,17,19.39,0.02000202032391122,0.27993892214380867
1323,17,19.55,0.02000199104146413,0.2810998182042991
1324,3,19.38,0.020001989150872913,0.2811725163961401
1325,13,19.25,0.020001975275437484,0.2800427519596449
1326,24,19.31,0.02000194956808008,0.2813035887804362
1327,11,19.19,0.020001942173779444,0.28241780702725494
1328,20,19.17,0.02000192256042176,0.28061538174895956
1329,21,19.11,0.020001902954827757,0.2822302610124692
1330,29,19.14,0.020001871439368657,0.28251152043000305
1331,9,19.13,0.02000186070947031,0.28082380060217166
1332,21,19.03,0.02000183768724811,0.27969046844409245
1333,12,18.95,0.02000182632883464,0.28055750504873767
1334,11,18.78,0.020001817674343364,0.28087901619106237
1335,17,18.77,0.020001801028428023,0.2795773441396137
1336,20,18.84,0.02000177554576809,0.27900222806942343
1337,13,18.76,0.020001764306774035,0.2790016281870332
1338,22,18.84,0.020001743523125087,0.279234798901742
1339,33,18.98,0.020001707120188696,0.27895570782446627
1340,15,18.87,0.020001688951379156,0.27995864774035933
1341,21,18.92,0.02000166697040581,0.27831367403268814
1342,23,18.95,0.02000164766288526,0.2761910101122195
1343,20,18.97,0.020001630860599508,0.27511933158234797
1344,9,18.98,0.02000162418775972,0.2743126024851705
1345,19,18.97,0.020001608750596395,0.2747553844410594
1346,22,19.05,0.020001585512740575,0.27503443332296784
1347,14,19.0,0.02000157547663304,0.2752015302234357
1348,11,18.94,0.020001567070339937,0.2755574484420295
1349,9,18.75,0.0200015609706677,0.2745380496772209
1350,29,18.79,0.020001540116173083,0.2759929736799533
1351,29,18.92,0.02000151771793881,0.2776558456001895
1352,18,18.95,0.020001499914116268,0.2787653910789159
1353,23,19.09,0.020001486326813797,0.2785393389882428
1354,17,19.04,0.020001473451857786,0.2766155903734783
1355,21,19.05,0.020001451877941653,0.2783062498610799
1356,19,19.07,0.020001437719029812,0.28015278715013275
1357,23,19.06,0.020001419575453705,0.278937055996739
1358,12,19.03,0.020001410237106155,0.27813054171234075
1359,12,18.93,0.02000140110029178,0.2774457359815588
1360,20,18.87,0.02000138570335828,0.2796724455633966
1361,6,18.66,0.02000138279643457,0.277646237597017
1362,15,18.65,0.020001371229593265,0.2769837962961433
1363,21,18.77,0.020001354602225404,0.2767095269985718
1364,27,18.76,0.020001335703141096,0.27393043904316305
1365,18,18.89,0.020001320958818607,0.2731268433208513
1366,18,18.9,0.020001306181311233,0.27382899518355286
1367,14,18.89,0.020001297588900725,0.27377347021114706
1368,26,18.99,0.020001276801152865,0.2744489687651691
1369,24,19.0,0.02000126220204537,0.2736498014909206
1370,14,18.81,0.020001254024338416,0.27280267785386286
1371,10,18.78,0.020001246522719746,0.2720589170804118
1372,17,18.74,0.02000123591038288,0.272394835875176
1373,20,18.72,0.02000122135127791,0.27159663938944884
1374,30,18.83,0.020001192387799217,0.2713441175251904
1375,32,18.89,0.02000116679170599,0.27188432061731227
1376,25,18.94,0.020001147754988707,0.270707084917196
1377,18,19.02,0.020001137528413745,0.266417158786023
1378,18,19.1,0.02000112711114525,0.2670659435415032
1379,25,19.16,0.02000111216420428,0.2644903713671288
1380,22,19.22,0.02000110109798555,0.26442549230143575
1381,15,19.21,0.020001093034584656,0.2635306250488404
1382,19,19.12,0.020001081780019546,0.26159689103317735
1383,27,19.25,0.020001067594354653,0.26267470198102516
1384,19,19.31,0.020001056337620584,0.26370562731039404
1385,24,19.38,0.02000104368513657,0.2641970417877235
1386,11,19.17,0.02000103754552393,0.2633759805766663
1387,26,19.27,0.02000102046443352,0.261629110073099
1388,29,19.3,0.020000999008342665,0.26255108061993476
1389,23,19.25,0.020000988030067158,0.2605474883376962
1390,22,19.19,0.020000977025868946,0.2596357525280206
1391,17,19.2,0.02000096730429912,0.261045436900441
1392,24,19.21,0.020000954858469127,0.2601118518574403
1393,22,19.17,0.020000938763073642,0.2622721292594872
1394,20,19.21,0.02000092937575504,0.26288840676298236
1395,21,19.21,0.02000091897886993,0.2605864718408868
1396,25,19.22,0.020000908107832335,0.25902284844086904
1397,23,19.25,0.020000897634643414,0.25774411709591893
1398,18,19.23,0.020000887725993618,0.2584346528395568
1399,5,19.06,0.020000886085218713,0.257274262828402
1400,17,19.14,0.02000087854148551,0.25594429907822375
1401,24,19.18,0.020000868582983885,0.2550584995510555
1402,27,19.29,0.020000856122205708,0.25497783381159944
1403,19,19.25,0.02000084896089878,0.25497512091504465
1404,21,19.26,0.020000838205359583,0.25483426215625044
1405,3,19.1,0.02000083715825746,0.25423623680478274
1406,26,19.07,0.020000826180381837,0.25347344990413967
1407,11,19.03,0.020000821977588124,0.2531094590921213
1408,21,19.03,0.02000080792006941,0.25579444060821344
1409,27,19.12,0.020000790853806544,0.25599145697485104
1410,11,18.94,0.02000078679137917,0.2564987521065344
1411,12,18.82,0.020000780522158455,0.25650738415741686
1412,20,18.78,0.02000077333561748,0.258234504573416
1413,10,18.83,0.02000076944011703,0.25634654131856294
1414,25,18.92,0.020000757492116168,0.2530816977862084
1415,28,18.89,0.02000074610260401,0.2529953250495514
1416,27,18.87,0.020000733819532334,0.2532949614347798
1417,30,19.03,0.020000722677547027,0.25331764955921926
1418,16,19.02,0.02000071742120991,0.25218980132353186
1419,10,18.98,0.020000713343541407,0.25163241999574226
1420,16,19.03,0.020000707942679764,0.251426830592722
1421,18,19.08,0.020000700968625763,0.2518803003695932
1422,18,19.09,0.020000694340955097,0.2538015078199972
1423,29,19.21,0.020000681886437215,0.25417277452969317
1424,14,19.32,0.0200006764192862,0.2533692267566624
1425,15,19.34,0.020000671667300664,0.2530465455043434
1426,14,19.24,0.020000666882007277,0.2526890153046882
1427,24,19.37,0.020000654723578908,0.25065426498946575
1428,23,19.4,0.02000064633188752,0.24930841748667235
1429,8,19.27,0.02000064397707628,0.2517910828389744
1430,21,19.19,0.020000636900300777,0.24923023625765697
1431,12,19.22,0.02000063305868656,0.24916503453018643
1432,7,19.08,0.020000630468459537,0.24892121420638397
1433,17,19.13,0.020000624819700944,0.24791551211682877
1434,20,19.22,0.0200006189120197,0.2482726590173079
1435,22,19.27,0.02000061152945942,0.24969888190821846
1436,19,19.26,0.020000606141301468,0.2495805917695017
1437,26,19.39,0.020000590584739283,0.24859253708088752
1438,25,19.42,0.020000582665420975,0.24967757442800126
1439,17,19.26,0.020000578167217016,0.2501156892221753
1440,16,19.27,0.020000573675054933,0.24974192088783378
1441,23,19.29,0.020000567115581066,0.24770322117475
1442,16,19.22,0.020000562062542693,0.2487428374219649
1443,15,19.17,0.020000558365144746,0.2490089211133447
1444,27,19.35,0.020000550685094605,0.24966882774145296
1445,30,19.46,0.020000540131770713,0.2487024688484645
1446,13,19.37,0.020000536712800686,0.2474378211663501
1447,29,19.52,0.020000528431470845,0.24737992558148827
1448,20,19.61,0.020000521841096984,0.2479409073839093
1449,16,19.68,0.02000051757949643,0.24543207470733341
1450,26,19.65,0.02000050877869068,0.24656487160389967
1451,20,19.56,0.020000503313446265,0.2460326587799752
1452,30,19.68,0.02000049379138461,0.24666723874535892
1453,22,19.67,0.020000487852511496,0.2455760647754858
1454,19,19.69,0.020000482443169116,0.24675742145812157
1455,29,19.77,0.020000473907961898,0.24830083490008176
1456,26,19.84,0.020000466525709217,0.24670637907958268
1457,7,19.68,0.020000465058465356,0.2457890612359094
1458,19,19.75,0.02000045964898846,0.24594660796741447
1459,21,19.84,0.02000045525747118,0.24776816279581276
1460,18,19.82,0.020000451246218534,0.24960556478783635
1461,21,19.97,0.020000445885917807,0.24939438612154213
1462,19,20.01,0.020000440589291464,0.24968879175658273
1463,23,20.03,0.020000435094448116,0.2481379261111269
1464,8,19.84,0.020000433335879107,0.24806235022474044
1465,25,19.91,0.02000042645767739,0.25014459024561514
1466,17,19.9,0.02000042263677813,0.24993000939340876
1467,20,19.96,0.020000418431471927,0.24936344363901874
1468,17,19.87,0.02000041348164728,0.24887155955380733
1469,14,19.77,0.020000410556324767,0.24869884107962692
1470,22,19.85,0.020000405071311598,0.24760130903508404
1471,25,20.0,0.020000397308528855,0.2482116912851239
1472,19,20.02,0.020000394300429294,0.24746270861366007
1473,22,20.04,0.020000388100035415,0.24781876227053085
1474,23,19.97,0.0200003802249798,0.24672992173397895
1475,24,19.89,0.0200003755205248,0.2475547477750495
1476,21,19.85,0.020000371245336948,0.2456663985653679
1477,29,19.96,0.020000365791364907,0.24573172584618672
1478,29,20.07,0.020000359895290577,0.24625731709569987
1479,23,20.05,0.02000035588695192,0.24576458172632917
1480,20,20.03,0.020000351571508833,0.24427747652672305
1481,9,19.97,0.020000350430756157,0.24470952817118993
1482,6,19.84,0.020000349346102893,0.24590952900966795
1483,26,19.83,0.02000034481675453,0.2483815195241777
1484,14,19.78,0.020000342736911033,0.2495927365109472
1485,15,19.69,0.020000339666118132,0.24869449185852957
1486,21,19.79,0.02000033564804627,0.250641937303071
1487,25,19.78,0.020000330783184698,0.24985901273713254
1488,18,19.67,0.020000327459089473,0.25097775356014174
1489,24,19.68,0.020000324038757202,0.24958643700816843
1490,20,19.66,0.02000032073432409,0.24912661682851245
1491,22,19.71,0.020000316449328624,0.24970260218228443
1492,24,19.71,0.020000311831547338,0.24867216357500246
1493,15,19.64,0.02000030923859456,0.24929311960050377
1494,10,19.54,0.02000030777319432,0.2473670551092318
1495,37,19.7,0.020000299874222867,0.2467819605723466
1496,28,19.73,0.02000029430396554,0.2489113949313022
1497,13,19.63,0.02000029214876147,0.24902097718550428
1498,26,19.71,0.02000028797196442,0.2506783278566776
1499,21,19.87,0.020000284508499867,0.2516781618394474
1500,20,19.9,0.020000281874836337,0.25406148867441875
1501,14,19.8,0.02000027902827747,0.2551025318922383
1502,25,19.78,0.02000027402329736,0.2562414788373626
1503,24,19.83,0.020000270795285033,0.2566209161045528
1504,28,19.9,0.020000266870395283,0.2582525973862941
1505,20,20.07,0.02000026335768564,0.2599265236075562
1506,9,19.9,0.02000026237194374,0.2597403576468477
1507,17,19.96,0.020000260125219785,0.26036330555925274
1508,28,20.03,0.020000255996335425,0.2607909364275413
1509,22,19.98,0.020000253018631835,0.25840356223063893
1510,7,19.94,0.020000252033780877,0.2587541225227979
1511,17,19.99,0.020000249688247485,0.2587956637144089
1512,13,19.92,0.02000024834356486,0.2593133430374731
1513,27,20.09,0.020000244365029434,0.2574720395968692
1514,25,20.09,0.020000240642668442,0.25625093428805323
1515,29,20.1,0.020000236988858534,0.25727681786116985
1516,23,20.06,0.02000023501824035,0.25717645219647056
1517,17,19.93,0.02000023288927584,0.25792681300404047
1518,25,20.02,0.020000229112495493,0.2556067904328356
1519,22,20.14,0.02000022583691633,0.2551924702849719
1520,30,20.28,0.02000022007384071,0.2548766954995618
1521,9,20.19,0.020000219009066747,0.25587040672797967
1522,14,20.15,0.02000021719881443,0.25598813475358606
1523,22,20.08,0.020000213965145366,0.25505018691615305
1524,15,20.09,0.020000212355791473,0.2538904152294197
1525,22,20.16,0.020000209403524483,0.25393175650941263
1526,23,20.25,0.020000207195569955,0.2543794365212469
1527,30,20.31,0.020000202039481167,0.25511911009797955
1528,17,20.25,0.020000199320310184,0.256235137434289
1529,19,20.36,0.0200001976135053,0.2543022250479991
1530,24,20.39,0.020000194866192287,0.25041671392351095
1531,14,20.41,0.020000193981565165,0.25420957080798573
1532,15,20.49,0.020000192541772394,0.25447608087912643
1533,29,20.61,0.020000189789038125,0.25537145388598487
1534,27,20.68,0.020000186422038886,0.2546467764837907
1535,29,20.75,0.02000018370167855,0.25208704217825784
1536,14,20.7,0.020000182447622097,0.2507180331072005
1537,25,20.69,0.020000180235283813,0.2520023602070195
1538,22,20.66,0.02000017848652883,0.2530330212989656
1539,18,20.67,0.020000177401075004,0.25190535704098127
1540,24,20.75,0.020000174707496973,0.24997809662087128
1541,21,20.73,0.02000017235617656,0.251025912785294
1542,21,20.78,0.020000170530323207,0.2505063069338846
1543,23,20.86,0.020000167613901585,0.24910167420264517
1544,23,20.82,0.02000016536631923,0.24805307624363662
1545,21,20.73,0.02000016317334951,0.24935900161762048
1546,16,20.76,0.02000016173563663,0.25062958497812254
1547,26,20.73,0.020000159726524285,0.25104315564183904
1548,27,20.8,0.020000155052400825,0.25107428490525424
1549,29,20.93,0.020000152957962637,0.25090907115747435
1550,14,20.81,0.020000152012557053,0.25125868411937563
1551,18,20.79,0.02000015007169246,0.24805556945871599
1552,20,20.69,0.02000014774135294,0.2475872427815258
1553,16,20.63,0.020000146652102126,0.2464825571468561
1554,15,20.59,0.02000014546174479,0.2454978085980557
1555,23,20.53,0.0200001435614447,0.24575228177674927
1556,14,20.41,0.02000014256002365,0.2452964064213309
1557,22,20.56,0.02000014104276322,0.2434841518354888
1558,29,20.66,0.020000138810976953,0.24229794430850757
1559,19,20.64,0.020000137299288356,0.24232006191027047
1560,11,20.57,0.020000136498432308,0.24012638879294443
1561,31,20.67,0.020000134137196365,0.23805570204069118
1562,25,20.73,0.020000131698224812,0.23751820682889163
1563,18,20.68,0.02000013032914427,0.23758401242223118
1564,22,20.82,0.02000012889049007,0.239478932896463
1565,27,20.84,0.020000125947245106,0.23872693443652426
1566,12,20.79,0.020000125218865426,0.2379017349812064
1567,14,20.73,0.02000012411556776,0.23742678658206864
1568,30,20.86,0.020000122005134464,0.2357454556639832
1569,24,20.96,0.020000119750825482,0.235241569209807
1570,22,20.96,0.02000011761459438,0.23496713068815742
1571,27,20.98,0.02000011553957704,0.23536400069104563
1572,18,20.97,0.020000114544469743,0.23602234432012728
1573,26,21.01,0.020000113268729164,0.2363438899121662
1574,16,20.94,0.020000112489865104,0.23624160273535416
1575,19,20.89,0.020000111148053695,0.2366635325078917
1576,17,20.85,0.02000011014670176,0.23649119910332236
1577,31,20.87,0.02000010795485491,0.23581713283120995
1578,15,20.73,0.02000010715893751,0.23559644722407408
1579,34,20.84,0.020000104701467042,0.2366435215762346
1580,23,20.87,0.02000010307564433,0.23802307284999602
1581,22,21.0,0.0200001017138145,0.23810581442448173
1582,29,21.23,0.020000099869379746,0.23781311194790472
1583,17,21.14,0.020000099048846715,0.2367729678159893
1584,20,21.2,0.020000097975076965,0.2345199750939218
1585,29,21.34,0.020000096347662075,0.2337194873702408
1586,16,21.29,0.02000009563253913,0.23436375471329926
1587,20,21.24,0.020000094472910273,0.23207969572579507
1588,19,21.25,0.02000009339269495,0.2326412113143666
1589,22,21.23,0.020000092264839304,0.23129277750112043
1590,15,21.18,0.02000009123723841,0.2335304791236868
1591,27,21.23,0.020000089636547196,0.23527513186235238
1592,13,21.12,0.020000089011282345,0.2359727880004609
1593,22,21.19,0.020000087703615967,0.23500307582982696
1594,16,21.25,0.02000008698303761,0.23479651799886533
1595,21,21.09,0.020000085876750073,0.23467958416088974
1596,13,20.94,0.020000085260658065,0.2341085161903117
1597,21,21.02,0.02000008437432335,0.23267143905752957
1598,12,20.88,0.020000083852820875,0.23347938503369248
1599,11,20.78,0.020000083513903723,0.23237001836890042
1600,14,20.72,0.020000082960378772,0.2308870551019612
1601,19,20.77,0.020000082036406432,0.22965458846918427
1602,20,20.72,0.020000081293261574,0.2285223662263096
1603,26,20.74,0.02000008031554025,0.22800371404921654
1604,21,20.67,0.020000079373386513,0.22839712535980905
1605,25,20.72,0.02000007835212808,0.22613559176426123
1606,23,20.86,0.020000077444622275,0.22520873363655391
1607,8,20.77,0.02000007717789869,0.22513061201218332
1608,22,20.71,0.020000076044076765,0.22636691562019953
1609,15,20.64,0.020000075370287293,0.22601053944908747
1610,31,20.88,0.020000073866774767,0.22483442266388695
1611,13,20.84,0.02000007317933919,0.2238253951072693
1612,26,20.97,0.020000072111470965,0.22306532966028345
1613,8,20.78,0.020000071917032604,0.22173657762532187
1614,20,20.73,0.02000007121924876,0.22524669250049215
1615,21,20.65,0.020000070155424425,0.22674546339134177
1616,7,20.49,0.020000069885845313,0.22683440148830414
1617,9,20.41,0.020000069544242282,0.22579495225212362
1618,23,20.39,0.02000006847119389,0.22401229771647121
1619,22,20.39,0.02000006740122074,0.22570004159271126
1620,14,20.23,0.020000066864162072,0.22517836868467897
1621,10,20.24,0.020000066580592397,0.22511583426506213
1622,26,20.36,0.02000006537651719,0.22526949739987306
1623,19,20.33,0.020000064664549465,0.22661851958768203
1624,28,20.46,0.020000063615880314,0.22746948624896532
1625,20,20.44,0.02000006277539075,0.22905523167683348
1626,29,20.5,0.020000061933617728,0.22967198513226933
1627,19,20.39,0.020000061253018488,0.2296200355533326
1628,25,20.47,0.020000060383333393,0.2297433009094531
1629,21,20.49,0.020000059534925865,0.22972794681197345
1630,21,20.46,0.020000058966125188,0.22991266337656738
1631,26,20.58,0.020000058271500382,0.23054674407928297
1632,22,20.65,0.020000057752297355,0.2276963571658229
1633,18,20.54,0.020000057171934916,0.22635853637268047
1634,28,20.55,0.02000005618012966,0.2273989684953548
1635,21,20.47,0.02000005550167107,0.22789203965722923
1636,26,20.59,0.02000005453884116,0.22930251556162787
1637,17,20.51,0.0200000540501938,0.22965793702566978
1638,31,20.6,0.02000005291639047,0.23189648565384421
1639,5,20.47,0.02000005278426472,0.2303139889741888
1640,21,20.44,0.020000052165070826,0.23162173538809955
1641,21,20.44,0.020000051326804963,0.2333784734111021
1642,13,20.36,0.02000005102741971,0.23393192142248154
1643,29,20.42,0.020000050275261128,0.2344244462576243
1644,6,20.25,0.020000050124661356,0.23455989987838385
1645,23,20.27,0.02000004954162026,0.2354931478010546
1646,28,20.39,0.0200000487455119,0.23375383616969136
1647,26,20.39,0.020000047971789992,0.23127610679015076
1648,18,20.3,0.02000004739008974,0.23094501538146842
1649,30,20.31,0.020000046565649292,0.23040418887492453
1650,25,20.42,0.020000045998699742,0.2297138074542036
1651,14,20.38,0.020000045680117137,0.22923150754506044
1652,25,20.43,0.020000045047303638,0.23157020909066248
1653,24,20.51,0.020000044307906154,0.23155587019011525
1654,20,20.56,0.020000043801283895,0.229954828941586
1655,13,20.46,0.020000043474003103,0.22965465183600342
1656,10,20.42,0.02000004325933852,0.2285154140969314
1657,22,20.42,0.0200000427347809,0.22910666517396966
1658,5,20.18,0.020000042613160164,0.23226009449451276
1659,13,20.12,0.020000042330722795,0.2320135623806774
1660,29,20.3,0.020000041644242746,0.2322694383340307
1661,20,20.19,0.020000041281445176,0.23347823705413553
1662,24,20.18,0.020000040691251955,0.23278641759759128
1663,23,20.23,0.02000004021190635,0.23587053306031935
1664,17,20.18,0.020000039766033952,0.23565367277305904
1665,31,20.22,0.020000039146582636,0.23340804845389754
1666,31,20.41,0.020000038505963665,0.2337981686733737
1667,19,20.46,0.020000038136168248,0.23308945351307936
1668,30,20.46,0.020000037424034424,0.233043374401508
1669,17,20.39,0.020000037075750467,0.2343919393744799
1670,18,20.35,0.020000036730707788,0.23603730434828465
1671,16,20.24,0.020000036419819917,0.23692186501356635
1672,17,20.23,0.020000036093512124,0.23813688681267275
1673,19,20.16,0.020000035698659165,0.23670141841515457
1674,22,20.22,0.020000035283418746,0.23861342956229012
1675,15,20.18,0.020000035023285127,0.23817702500831964
1676,5,20.06,0.020000034927103404,0.23782872925005336
1677,12,19.87,0.020000034718168216,0.2371835257894922
1678,12,19.84,0.0200000345571035,0.23784453082497758
1679,22,19.72,0.020000034114179863,0.23709902351740564
1680,13,19.62,0.020000033852509404,0.23677768735307278
1681,12,19.52,0.020000033624774434,0.23548069146305028
1682,20,19.43,0.02000003321870529,0.23617031277701406
1683,24,19.5,0.020000032738872377,0.23787221334653325
1684,15,19.45,0.02000003241149454,0.23979803381284864
1685,17,19.33,0.02000003206814371,0.240098738950668
1686,20,19.37,0.020000031750647844,0.23917167722293647
1687,26,19.43,0.020000031237307373,0.23937344809274863
1688,32,19.56,0.02000003060652219,0.23954421097394263
1689,11,19.45,0.02000003043103968,0.2389297239703707
1690,31,19.61,0.020000029792692033,0.2385400043118118
1691,17,19.51,0.02000002953314316,0.23620146535115666
1692,19,19.57,0.020000029230513007,0.2368983460387381
1693,5,19.4,0.02000002916190195,0.23626643116816437
1694,27,19.51,0.020000028676074377,0.235893082869525
1695,15,19.45,0.020000028397841242,0.23577613914662068
1696,28,19.6,0.02000002780075364,0.2366289699284157
1697,14,19.53,0.020000027583372063,0.23668675663152544
1698,21,19.62,0.02000002717814424,0.23694121682702904
1699,14,19.65,0.020000026952151567,0.23637524313560807
1700,31,19.82,0.020000026455474957,0.23611816771254682
